,PRN2SVN,,,,,,,,,,,,,,,,,,,,,,,,,,,,,,,,,PRN2PLANE,,,,,,,,,,,,,,,,,,,,,,,,,,,,,,,
,,,,,,,,,,,,,,,,,,,,,,,,,,,,,,,,,,,,,,,,,,,,,,,,,,,,,,,,,,,,,,,,,
,1,2,3,4,5,6,7,8,9,10,11,12,13,14,15,16,17,18,19,20,21,22,23,24,25,26,27,28,29,30,31,32,,1,2,3,4,5,6,7,8,9,10,11,12,13,14,15,16,17,18,19,20,21,22,23,24,25,26,27,28,29,30,31,32
2007-12-30,32,61,33,34,35,36,,38,39,40,46,58,43,41,55,56,53,54,59,51,45,47,60,24,25,26,27,44,,30,52,,,F6,D1,C2,D4,B5,C1,,A3,A1,E3,D2,B4,F3,F1,F2,B1,C4,E4,C3,E1,D3,E2,F4,D5,A5,F5,A4,B3,,B2,A2,
2007-12-31,32,61,33,34,35,36,,38,39,40,46,58,43,41,55,56,53,54,59,51,45,47,60,24,25,26,27,44,,30,52,,,F6,D1,C2,D4,B5,C1,,A3,A1,E3,D2,B4,F3,F1,F2,B1,C4,E4,C3,E1,D3,E2,F4,D5,A5,F5,A4,B3,,B2,A2,
2008-01-01,32,61,33,34,35,36,,38,39,40,46,58,43,41,55,56,53,54,59,51,45,47,60,24,25,26,27,44,,30,52,,,F6,D1,C2,D4,B5,C1,,A3,A1,E3,D2,B4,F3,F1,F2,B1,C4,E4,C3,E1,D3,E2,F4,D5,A5,F5,A4,B3,,B2,A2,
2008-01-02,32,61,33,34,35,36,,38,39,40,46,58,43,41,55,56,53,54,59,51,45,47,60,24,25,26,27,44,57,30,52,,,F6,D1,C2,D4,B5,C1,,A3,A1,E3,D2,B4,F3,F1,F2,B1,C4,E4,C3,E1,D3,E2,F4,D5,A5,F5,A4,B3,C1,B2,A2,
2008-01-03,32,61,33,34,35,36,,38,39,40,46,58,43,41,55,56,53,54,59,51,45,47,60,24,25,26,27,44,57,30,52,,,F6,D1,C2,D4,B5,C1,,A3,A1,E3,D2,B4,F3,F1,F2,B1,C4,E4,C3,E1,D3,E2,F4,D5,A5,F5,A4,B3,C1,B2,A2,
2008-01-04,32,61,33,34,35,36,,38,39,40,46,58,43,41,55,56,53,54,59,51,45,47,60,24,25,26,27,44,57,30,52,,,F6,D1,C2,D4,B5,C1,,A3,A1,E3,D2,B4,F3,F1,F2,B1,C4,E4,C3,E1,D3,E2,F4,D5,A5,F5,A4,B3,C1,B2,A2,
2008-01-05,32,61,33,34,35,36,,38,39,40,46,58,43,41,55,56,53,54,59,51,45,47,60,24,25,26,27,44,57,30,52,,,F6,D1,C2,D4,B5,C1,,A3,A1,E3,D2,B4,F3,F1,F2,B1,C4,E4,C3,E1,D3,E2,F4,D5,A5,F5,A4,B3,C1,B2,A2,
2008-01-06,32,61,33,34,35,36,,38,39,40,46,58,43,41,55,56,53,54,59,51,45,47,60,24,25,26,27,44,57,30,52,,,F6,D1,C2,D4,B5,C1,,A3,A1,E3,D2,B4,F3,F1,F2,B1,C4,E4,C3,E1,D3,E2,F4,D5,A5,F5,A4,B3,C1,B2,A2,
2008-01-07,32,61,33,34,35,36,,38,39,40,46,58,43,41,55,56,53,54,59,51,45,47,60,24,25,26,27,44,57,30,52,,,F6,D1,C2,D4,B5,C1,,A3,A1,E3,D2,B4,F3,F1,F2,B1,C4,E4,C3,E1,D3,E2,F4,D5,A5,F5,A4,B3,C1,B2,A2,
2008-01-08,32,61,33,34,35,36,,38,39,40,46,58,43,41,55,56,53,54,59,51,45,47,60,24,25,26,27,44,57,30,52,,,F6,D1,C2,D4,B5,C1,,A3,A1,E3,D2,B4,F3,F1,F2,B1,C4,E4,C3,E1,D3,E2,F4,D5,A5,F5,A4,B3,C1,B2,A2,
2008-01-09,32,61,33,34,35,36,,38,39,40,46,58,43,41,55,56,53,54,59,51,45,47,60,24,25,26,27,44,57,30,52,,,F6,D1,C2,D4,B5,C1,,A3,A1,E3,D2,B4,F3,F1,F2,B1,C4,E4,C3,E1,D3,E2,F4,D5,A5,F5,A4,B3,C1,B2,A2,
2008-01-10,32,61,33,34,35,36,,38,39,40,46,58,43,41,55,56,53,54,59,51,45,47,60,24,25,26,27,44,57,30,52,,,F6,D1,C2,D4,B5,C1,,A3,A1,E3,D2,B4,F3,F1,F2,B1,C4,E4,C3,E1,D3,E2,F4,D5,A5,F5,A4,B3,C1,B2,A2,
2008-01-11,32,61,33,34,35,36,,38,39,40,46,58,43,41,55,56,53,54,59,51,45,47,60,24,25,26,27,44,57,30,52,,,F6,D1,C2,D4,B5,C1,,A3,A1,E3,D2,B4,F3,F1,F2,B1,C4,E4,C3,E1,D3,E2,F4,D5,A5,F5,A4,B3,C1,B2,A2,
2008-01-12,32,61,33,34,35,36,,38,39,40,46,58,43,41,55,56,53,54,59,51,45,47,60,24,25,26,27,44,57,30,52,,,F6,D1,C2,D4,B5,C1,,A3,A1,E3,D2,B4,F3,F1,F2,B1,C4,E4,C3,E1,D3,E2,F4,D5,A5,F5,A4,B3,C1,B2,A2,
2008-01-13,32,61,33,34,35,36,,38,39,40,46,58,43,41,55,56,53,54,59,51,45,47,60,24,25,26,27,44,57,30,52,,,F6,D1,C2,D4,B5,C1,,A3,A1,E3,D2,B4,F3,F1,F2,B1,C4,E4,C3,E1,D3,E2,F4,D5,A5,F5,A4,B3,C1,B2,A2,
2008-01-14,32,61,33,34,35,36,,38,39,40,46,58,43,41,55,56,53,54,59,51,45,47,60,24,25,26,27,44,57,30,52,,,F6,D1,C2,D4,B5,C1,,A3,A1,E3,D2,B4,F3,F1,F2,B1,C4,E4,C3,E1,D3,E2,F4,D5,A5,F5,A4,B3,C1,B2,A2,
2008-01-15,32,61,33,34,35,36,,38,39,40,46,58,43,41,55,56,53,54,59,51,45,47,60,24,25,26,27,44,57,30,52,,,F6,D1,C2,D4,B5,C1,,A3,A1,E3,D2,B4,F3,F1,F2,B1,C4,E4,C3,E1,D3,E2,F4,D5,A5,F5,A4,B3,C1,B2,A2,
2008-01-16,32,61,33,34,35,36,,38,39,40,46,58,43,41,55,56,53,54,59,51,45,47,60,24,25,26,27,44,57,30,52,,,F6,D1,C2,D4,B5,C1,,A3,A1,E3,D2,B4,F3,F1,F2,B1,C4,E4,C3,E1,D3,E2,F4,D5,A5,F5,A4,B3,C1,B2,A2,
2008-01-17,32,61,33,34,35,36,,38,39,40,46,58,43,41,55,56,53,54,59,51,45,47,60,24,25,26,27,44,57,30,52,,,F6,D1,C2,D4,B5,C1,,A3,A1,E3,D2,B4,F3,F1,F2,B1,C4,E4,C3,E1,D3,E2,F4,D5,A5,F5,A4,B3,C1,B2,A2,
2008-01-18,32,61,33,34,35,36,,38,39,40,46,58,43,41,55,56,53,54,59,51,45,47,60,24,25,26,27,44,57,30,52,,,F6,D1,C2,D4,B5,C6,,A3,A1,E3,D2,B4,F3,F1,F2,B1,C4,E4,C3,E1,D3,E2,F4,D5,A5,F5,A4,B3,C1,B2,A2,
2008-01-19,32,61,33,34,35,36,,38,39,40,46,58,43,41,55,56,53,54,59,51,45,47,60,24,25,26,27,44,57,30,52,,,F6,D1,C2,D4,B5,C6,,A3,A1,E3,D2,B4,F3,F1,F2,B1,C4,E4,C3,E1,D3,E2,F4,D5,A5,F5,A4,B3,C1,B2,A2,
2008-01-20,32,61,33,34,35,36,,38,39,40,46,58,43,41,55,56,53,54,59,51,45,47,60,24,25,26,27,44,57,30,52,,,F6,D1,C2,D4,B5,C6,,A3,A1,E3,D2,B4,F3,F1,F2,B1,C4,E4,C3,E1,D3,E2,F4,D5,A5,F5,A4,B3,C1,B2,A2,
2008-01-21,32,61,33,34,35,36,,38,39,40,46,58,43,41,55,56,53,54,59,51,45,47,60,24,25,26,27,44,57,30,52,,,F6,D1,C2,D4,B5,C6,,A3,A1,E3,D2,B4,F3,F1,F2,B1,C4,E4,C3,E1,D3,E2,F4,D5,A5,F5,A4,B3,C1,B2,A2,
2008-01-22,32,61,33,34,35,36,,38,39,40,46,58,43,41,55,56,53,54,59,51,45,47,60,24,25,26,27,44,57,30,52,,,F6,D1,C2,D4,B5,C6,,A3,A1,E3,D2,B4,F3,F1,F2,B1,C4,E4,C3,E1,D3,E2,F4,D5,A5,F5,A4,B3,C1,B2,A2,
2008-01-23,32,61,33,34,35,36,,38,39,40,46,58,43,41,55,56,53,54,59,51,45,47,60,24,25,26,27,44,57,30,52,,,F6,D1,C2,D4,B5,C6,,A3,A1,E3,D2,B4,F3,F1,F2,B1,C4,E4,C3,E1,D3,E2,F4,D5,A5,F5,A4,B3,C1,B2,A2,
2008-01-24,32,61,33,34,35,36,,38,39,40,46,58,43,41,55,56,53,54,59,51,45,47,60,24,25,26,27,44,57,30,52,,,F6,D1,C2,D4,B5,C6,,A3,A1,E3,D2,B4,F3,F1,F2,B1,C4,E4,C3,E1,D3,E2,F4,D5,A5,F5,A4,B3,C1,B2,A2,
2008-01-25,32,61,33,34,35,36,,38,39,40,46,58,43,41,55,56,53,54,59,51,45,47,60,24,25,26,27,44,57,30,52,,,F6,D1,C2,D4,B5,C6,,A3,A1,E3,D2,B4,F3,F1,F2,B1,C4,E4,C3,E1,D3,E2,F4,D5,A5,F5,A4,B3,C1,B2,A2,
2008-01-26,32,61,33,34,35,36,,38,39,40,46,58,43,41,55,56,53,54,59,51,45,47,60,24,25,26,27,44,57,30,52,,,F6,D1,C2,D4,B5,C6,,A3,A1,E3,D2,B4,F3,F1,F2,B1,C4,E4,C3,E1,D3,E2,F4,D5,A5,F5,A4,B3,C1,B2,A2,
2008-01-27,32,61,33,34,35,36,,38,39,40,46,58,43,41,55,56,53,54,59,51,45,47,60,24,25,26,27,44,57,30,52,,,F6,D1,C2,D4,B5,C6,,A3,A1,E3,D2,B4,F3,F1,F2,B1,C4,E4,C3,E1,D3,E2,F4,D5,A5,F5,A4,B3,C1,B2,A2,
2008-01-28,32,61,33,34,35,36,,38,39,40,46,58,43,41,55,56,53,54,59,51,45,47,60,24,25,26,27,44,57,30,52,,,F6,D1,C2,D4,B5,C6,,A3,A1,E3,D2,B4,F3,F1,F2,B1,C4,E4,C3,E1,D3,E2,F4,D5,A5,F5,A4,B3,C1,B2,A2,
2008-01-29,32,61,33,34,35,36,,38,39,40,46,58,43,41,55,56,53,54,59,51,45,47,60,24,25,26,27,44,57,30,52,,,F6,D1,C2,D4,B5,C6,,A3,A1,E3,D2,B4,F3,F1,F2,B1,C4,E4,C3,E1,D3,E2,F4,D5,A5,F5,A4,B3,C1,B2,A2,
2008-01-30,32,61,33,34,35,36,,38,39,40,46,58,43,41,55,56,53,54,59,51,45,47,60,24,25,26,27,44,57,30,52,,,F6,D1,C2,D4,B5,C6,,A3,A1,E3,D2,B4,F3,F1,F2,B1,C4,E4,C3,E1,D3,E2,F4,D5,A5,F5,A4,B3,C1,B2,A2,
2008-01-31,32,61,33,34,35,36,,38,39,40,46,58,43,41,55,56,53,54,59,51,45,47,60,24,25,26,27,44,57,30,52,,,F6,D1,C2,D4,B5,C6,,A3,A1,E3,D2,B4,F3,F1,F2,B1,C4,E4,C3,E1,D3,E2,F4,D5,A5,F5,A4,B3,C1,B2,A2,
2008-02-01,32,61,33,34,35,36,,38,39,40,46,58,43,41,55,56,53,54,59,51,45,47,60,24,25,26,27,44,57,30,52,,,F6,D1,C2,D4,B5,C6,,A3,A1,E3,D2,B4,F3,F1,F2,B1,C4,E4,C3,E1,D3,E2,F4,D5,A5,F5,A4,B3,C1,B2,A2,
2008-02-02,32,61,33,34,35,36,,38,39,40,46,58,43,41,55,56,53,54,59,51,45,47,60,24,25,26,27,44,57,30,52,,,F6,D1,C2,D4,B5,C6,,A3,A1,E3,D2,B4,F3,F1,F2,B1,C4,E4,C3,E1,D3,E2,F4,D5,A5,F5,A4,B3,C1,B2,A2,
2008-02-03,32,61,33,34,35,36,,38,39,40,46,58,43,41,55,56,53,54,59,51,45,47,60,24,25,26,27,44,57,30,52,,,F6,D1,C2,D4,B5,C6,,A3,A1,E3,D2,B4,F3,F1,F2,B1,C4,E4,C3,E1,D3,E2,F4,D5,A5,F5,A4,B3,C1,B2,A2,
2008-02-04,32,61,33,34,35,36,,38,39,40,46,58,43,41,55,56,53,54,59,51,45,47,60,24,25,26,27,44,57,30,52,,,F6,D1,C2,D4,B5,C6,,A3,A1,E3,D2,B4,F3,F1,F2,B1,C4,E4,C3,E1,D3,E2,F4,D5,A5,F5,A4,B3,C1,B2,A2,
2008-02-05,32,61,33,34,35,36,,38,39,40,46,58,43,41,55,56,53,54,59,51,45,47,60,24,25,26,27,44,57,30,52,,,F6,D1,C2,D4,B5,C6,,A3,A1,E3,D2,B4,F3,F1,F2,B1,C4,E4,C3,E1,D3,E2,F4,D5,A5,F5,A4,B3,C1,B2,A2,
2008-02-06,32,61,33,34,35,36,,38,39,40,46,58,43,41,55,56,53,54,59,51,45,47,60,24,25,26,27,44,57,30,52,,,F6,D1,C2,D4,B5,C6,,A3,A1,E3,D2,B4,F3,F1,F2,B1,C4,E4,C3,E1,D3,E2,F4,D5,A5,F5,A4,B3,C1,B2,A2,
2008-02-07,32,61,33,34,35,36,,38,39,40,46,58,43,41,55,56,53,54,59,51,45,47,60,24,25,26,27,44,57,30,52,,,F6,D1,C2,D4,B5,C6,,A3,A1,E3,D2,B4,F3,F1,F2,B1,C4,E4,C3,E1,D3,E2,F4,D5,A5,F5,A4,B3,C1,B2,A2,
2008-02-08,32,61,33,34,35,36,,38,39,40,46,58,43,41,55,56,53,54,59,51,45,47,60,24,25,26,27,44,57,30,52,,,F6,D1,C2,D4,B5,C6,,A3,A1,E3,D2,B4,F3,F1,F2,B1,C4,E4,C3,E1,D3,E2,F4,D5,A5,F5,A4,B3,C1,B2,A2,
2008-02-09,32,61,33,34,35,36,,38,39,40,46,58,43,41,55,56,53,54,59,51,45,47,60,24,25,26,27,44,57,30,52,,,F6,D1,C2,D4,B5,C6,,A3,A1,E3,D2,B4,F3,F1,F2,B1,C4,E4,C3,E1,D3,E2,F4,D5,A5,F5,A4,B3,C1,B2,A2,
2008-02-10,32,61,33,34,35,36,,38,39,40,46,58,43,41,55,56,53,54,59,51,45,47,60,24,25,26,27,44,57,30,52,,,F6,D1,C2,D4,B5,C6,,A3,A1,E3,D2,B4,F3,F1,F2,B1,C4,E4,C3,E1,D3,E2,F4,D5,A5,F5,A4,B3,C1,B2,A2,
2008-02-11,32,61,33,34,35,36,,38,39,40,46,58,43,41,55,56,53,54,59,51,45,47,60,24,25,26,27,44,57,30,52,,,F6,D1,C2,D4,B5,C6,,A3,A1,E3,D2,B4,F3,F1,F2,B1,C4,E4,C3,E1,D3,E2,F4,D5,A5,F5,A4,B3,C1,B2,A2,
2008-02-12,32,61,33,34,35,36,,38,39,40,46,58,43,41,55,56,53,54,59,51,45,47,60,24,25,26,27,44,57,30,52,,,F6,D1,C2,D4,B5,C6,,A3,A1,E3,D2,B4,F3,F1,F2,B1,C4,E4,C3,E1,D3,E2,F4,D5,A5,F5,A4,B3,C1,B2,A2,
2008-02-13,32,61,33,34,35,36,,38,39,40,46,58,43,41,55,56,53,54,59,51,45,47,60,24,25,26,27,44,57,30,52,,,F6,D1,C2,D4,B5,C6,,A3,A1,E3,D2,B4,F3,F1,F2,B1,C4,E4,C3,E1,D3,E2,F4,D5,A5,F5,A4,B3,C1,B2,A2,
2008-02-14,32,61,33,34,35,36,,38,39,40,46,58,43,41,55,56,53,54,59,51,45,47,60,24,25,26,27,44,57,30,52,,,F6,D1,C2,D4,B5,C6,,A3,A1,E3,D2,B4,F3,F1,F2,B1,C4,E4,C3,E1,D3,E2,F4,D5,A5,F5,A4,B3,C1,B2,A2,
2008-02-15,32,61,33,34,35,36,,38,39,40,46,58,43,41,55,56,53,54,59,51,45,47,60,24,25,26,27,44,57,30,52,,,F6,D1,C2,D4,B5,C6,,A3,A1,E3,D2,B4,F3,F1,F2,B1,C4,E4,C3,E1,D3,E2,F4,D5,A5,F5,A4,B3,C1,B2,A2,
2008-02-16,32,61,33,34,35,36,,38,39,40,46,58,43,41,55,56,53,54,59,51,45,47,60,24,25,26,27,44,57,30,52,,,F6,D1,C2,D4,B5,C6,,A3,A1,E3,D2,B4,F3,F1,F2,B1,C4,E4,C3,E1,D3,E2,F4,D5,A5,F5,A4,B3,C1,B2,A2,
2008-02-17,32,61,33,34,35,36,,38,39,40,46,58,43,41,55,56,53,54,59,51,45,47,60,24,25,26,27,44,57,30,52,,,F6,D1,C2,D4,B5,C6,,A3,A1,E3,D2,B4,F3,F1,F2,B1,C4,E4,C3,E1,D3,E2,F4,D5,A5,F5,A4,B3,C1,B2,A2,
2008-02-18,32,61,33,34,35,36,,38,39,40,46,58,43,41,55,56,53,54,59,51,45,47,60,24,25,26,27,44,57,30,52,,,F6,D1,C2,D4,B5,C6,,A3,A1,E3,D2,B4,F3,F1,F2,B1,C4,E4,C3,E1,D3,E2,F4,D5,A5,F5,A4,B3,C1,B2,A2,
2008-02-19,32,61,33,34,35,36,,38,39,40,46,58,43,41,55,56,53,54,59,51,45,47,60,24,25,26,27,44,57,30,52,,,F6,D1,C2,D4,B5,C6,,A3,A1,E3,D2,B4,F3,F1,F2,B1,C4,E4,C3,E1,D3,E2,F4,D5,A5,F5,A4,B3,C1,B2,A2,
2008-02-20,32,61,33,34,35,36,,38,39,40,46,58,43,41,55,56,53,54,59,51,45,47,60,24,25,26,27,44,57,30,52,,,F6,D1,C2,D4,B5,C6,,A3,A1,E3,D2,B4,F3,F1,F2,B1,C4,E4,C3,E1,D3,E2,F4,D5,A5,F5,A4,B3,C1,B2,A2,
2008-02-21,32,61,33,34,35,36,,38,39,40,46,58,43,41,55,56,53,54,59,51,45,47,60,24,25,26,27,44,57,30,52,,,F6,D1,C2,D4,B5,C6,,A3,A1,E3,D2,B4,F3,F1,F2,B1,C4,E4,C3,E1,D3,E2,F4,D5,A5,F5,A4,B3,C1,B2,A2,
2008-02-22,32,61,33,34,35,36,,38,39,40,46,58,43,41,55,56,53,54,59,51,45,47,60,24,25,26,27,44,57,30,52,,,F6,D1,C2,D4,B5,C6,,A3,A1,E3,D2,B4,F3,F1,F2,B1,C4,E4,C3,E1,D3,E2,F4,D5,A5,F5,A4,B3,C1,B2,A2,
2008-02-23,32,61,33,34,35,36,,38,39,40,46,58,43,41,55,56,53,54,59,51,45,47,60,24,25,26,27,44,57,30,52,,,F6,D1,C2,D4,B5,C6,,A3,A1,E3,D2,B4,F3,F1,F2,B1,C4,E4,C3,E1,D3,E2,F4,D5,A5,F5,A4,B3,C1,B2,A2,
2008-02-24,32,61,33,34,35,36,,38,39,40,46,58,43,41,55,56,53,54,59,51,45,47,60,24,25,26,27,44,57,30,52,,,F6,D1,C2,D4,B5,C6,,A3,A1,E3,D2,B4,F3,F1,F2,B1,C4,E4,C3,E1,D3,E2,F4,D5,A5,F5,A4,B3,C1,B2,A2,
2008-02-25,32,61,33,34,35,36,,38,39,40,46,58,43,41,55,56,53,54,59,51,45,47,60,24,25,26,27,44,57,30,52,,,F6,D1,C2,D4,B5,C6,,A3,A1,E3,D2,B4,F3,F1,F2,B1,C4,E4,C3,E1,D3,E2,F4,D5,A5,F5,A4,B3,C1,B2,A2,
2008-02-26,32,61,33,34,35,36,,38,39,40,46,58,43,41,55,56,53,54,59,51,45,47,60,24,25,26,27,44,57,30,52,23,,F6,D1,C2,D4,B5,C6,,A3,A1,E3,D2,B4,F3,F1,F2,B1,C4,E4,C3,E1,D3,E2,F4,D5,A5,F5,A4,B3,C1,B2,A2,E5
2008-02-27,32,61,33,34,35,36,,38,39,40,46,58,43,41,55,56,53,54,59,51,45,47,60,24,25,26,27,44,57,30,52,23,,F6,D1,C2,D4,B5,C6,,A3,A1,E3,D2,B4,F3,F1,F2,B1,C4,E4,C3,E1,D3,E2,F4,D5,A5,F5,A4,B3,C1,B2,A2,E5
2008-02-28,32,61,33,34,35,36,,38,39,40,46,58,43,41,55,56,53,54,59,51,45,47,60,24,25,26,27,44,57,30,52,23,,F6,D1,C2,D4,B5,C6,,A3,A1,E3,D2,B4,F3,F1,F2,B1,C4,E4,C3,E1,D3,E2,F4,D5,A5,F5,A4,B3,C1,B2,A2,E5
2008-02-29,32,61,33,34,35,36,,38,39,40,46,58,43,41,55,56,53,54,59,51,45,47,60,24,25,26,27,44,57,30,52,23,,F6,D1,C2,D4,B5,C6,,A3,A1,E3,D2,B4,F3,F1,F2,B1,C4,E4,C3,E1,D3,E2,F4,D5,A5,F5,A4,B3,C1,B2,A2,E5
2008-03-01,32,61,33,34,35,36,,38,39,40,46,58,43,41,55,56,53,54,59,51,45,47,60,24,25,26,27,44,57,30,52,23,,F6,D1,C2,D4,B5,C6,,A3,A1,E3,D2,B4,F3,F1,F2,B1,C4,E4,C3,E1,D3,E2,F4,D5,A5,F5,A4,B3,C1,B2,A2,E5
2008-03-02,32,61,33,34,35,36,,38,39,40,46,58,43,41,55,56,53,54,59,51,45,47,60,24,25,26,27,44,57,30,52,23,,F6,D1,C2,D4,B5,C6,,A3,A1,E3,D2,B4,F3,F1,F2,B1,C4,E4,C3,E1,D3,E2,F4,D5,A5,F5,A4,B3,C1,B2,A2,E5
2008-03-03,32,61,33,34,35,36,,38,39,40,46,58,43,41,55,56,53,54,59,51,45,47,60,24,25,26,27,44,57,30,52,23,,F6,D1,C2,D4,B5,C6,,A3,A1,E3,D2,B4,F3,F1,F2,B1,C4,E4,C3,E1,D3,E2,F4,D5,A5,F5,A4,B3,C1,B2,A2,E5
2008-03-04,32,61,33,34,35,36,,38,39,40,46,58,43,41,55,56,53,54,59,51,45,47,60,24,25,26,27,44,57,30,52,23,,F6,D1,C2,D4,B5,C6,,A3,A1,E3,D2,B4,F3,F1,F2,B1,C4,E4,C3,E1,D3,E2,F4,D5,A5,F5,A4,B3,C1,B2,A2,E5
2008-03-05,32,61,33,34,35,36,,38,39,40,46,58,43,41,55,56,53,54,59,51,45,47,60,24,25,26,27,44,57,30,52,23,,F6,D1,C2,D4,B5,C6,,A3,A1,E3,D2,B4,F3,F1,F2,B1,C4,E4,C3,E1,D3,E2,F4,D5,A5,F5,A4,B3,C1,B2,A2,E5
2008-03-06,32,61,33,34,35,36,,38,39,40,46,58,43,41,55,56,53,54,59,51,45,47,60,24,25,26,27,44,57,30,52,23,,F6,D1,C2,D4,B5,C6,,A3,A1,E3,D2,B4,F3,F1,F2,B1,C4,E4,C3,E1,D3,E2,F4,D5,A5,F5,A4,B3,C1,B2,A2,E5
2008-03-07,32,61,33,34,35,36,,38,39,40,46,58,43,41,55,56,53,54,59,51,45,47,60,24,25,26,27,44,57,30,52,23,,F6,D1,C2,D4,B5,C6,,A3,A1,E3,D2,B4,F3,F1,F2,B1,C4,E4,C3,E1,D3,E2,F4,D5,A5,F5,A4,B3,C1,B2,A2,E5
2008-03-08,32,61,33,34,35,36,,38,39,40,46,58,43,41,55,56,53,54,59,51,45,47,60,24,25,26,27,44,57,30,52,23,,F6,D1,C2,D4,B5,C6,,A3,A1,E3,D2,B4,F3,F1,F2,B1,C4,E4,C3,E1,D3,E2,F4,D5,A5,F5,A4,B3,C1,B2,A2,E5
2008-03-09,32,61,33,34,35,36,,38,39,40,46,58,43,41,55,56,53,54,59,51,45,47,60,24,25,26,27,44,57,30,52,23,,F6,D1,C2,D4,B5,C6,,A3,A1,E3,D2,B4,F3,F1,F2,B1,C4,E4,C3,E1,D3,E2,F4,D5,A5,F5,A4,B3,C1,B2,A2,E5
2008-03-10,32,61,33,34,35,36,,38,39,40,46,58,43,41,55,56,53,54,59,51,45,47,60,24,25,26,27,44,57,30,52,23,,F6,D1,C2,D4,B5,C6,,A3,A1,E3,D2,B4,F3,F1,F2,B1,C4,E4,C3,E1,D3,E2,F4,D5,A5,F5,A4,B3,C1,B2,A2,E5
2008-03-11,32,61,33,34,35,36,,38,39,40,46,58,43,41,55,56,53,54,59,51,45,47,60,24,25,26,27,44,57,30,52,23,,F6,D1,C2,D4,B5,C6,,A3,A1,E3,D2,B4,F3,F1,F2,B1,C4,E4,C3,E1,D3,E2,F4,D5,A5,F5,A4,B3,C1,B2,A2,E5
2008-03-12,32,61,33,34,35,36,,38,39,40,46,58,43,41,55,56,53,54,59,51,45,47,60,24,25,26,27,44,57,30,52,23,,F6,D1,C2,D4,B5,C6,,A3,A1,E3,D2,B4,F3,F1,F2,B1,C4,E4,C3,E1,D3,E2,F4,D5,A5,F5,A4,B3,C1,B2,A2,E5
2008-03-13,32,61,33,34,35,36,,38,39,40,46,58,43,41,55,56,53,54,59,51,45,47,60,24,25,26,27,44,57,30,52,23,,F6,D1,C2,D4,B5,C6,,A3,A1,E3,D2,B4,F3,F1,F2,B1,C4,E4,C3,E1,D3,E2,F4,D5,A5,F5,A4,B3,C1,B2,A2,E5
2008-03-14,32,61,33,34,35,36,,38,39,40,46,58,43,41,55,56,53,54,59,51,45,47,60,24,25,26,27,44,57,30,52,23,,F6,D1,C2,D4,B5,C6,,A3,A1,E3,D2,B4,F3,F1,F2,B1,C4,E4,C3,E1,D3,E2,F4,D5,A5,F5,A4,B3,C1,B2,A2,E5
2008-03-15,32,61,33,34,35,36,,38,39,40,46,58,43,41,55,56,53,54,59,51,45,47,60,24,25,26,27,44,57,30,52,23,,F6,D1,C2,D4,B5,C6,,A3,A1,E3,D2,B4,F3,F1,F2,B1,C4,E4,C3,E1,D3,E2,F4,D5,A5,F5,A4,B3,C1,B2,A2,E5
2008-03-16,32,61,33,34,35,36,,38,39,40,46,58,43,41,55,56,53,54,59,51,45,47,60,24,25,26,27,44,57,30,52,23,,F6,D1,C2,D4,B5,C6,,A3,A1,E3,D2,B4,F3,F1,F2,B1,C4,E4,C3,E1,D3,E2,F4,D5,A5,F5,A4,B3,C1,B2,A2,E5
2008-03-17,32,61,33,34,35,36,,38,39,40,46,58,43,41,55,56,53,54,59,51,45,47,60,24,25,26,27,44,57,30,52,23,,F6,D1,C2,D4,B5,C6,,A3,A1,E3,D2,B4,F3,F1,F2,B1,C4,E4,C3,E1,D3,E2,F4,D5,A5,F5,A4,B3,C1,B2,A2,E5
2008-03-18,,61,33,34,35,36,,38,39,40,46,58,43,41,55,56,53,54,59,51,45,47,60,24,25,26,27,44,57,30,52,23,,,D1,C2,D4,B5,C6,,A3,A1,E3,D2,B4,F3,F1,F2,B1,C4,E4,C3,E1,D3,E2,F4,D5,A5,F5,A4,B3,C1,B2,A2,E5
2008-03-19,,61,33,34,35,36,,38,39,40,46,58,43,41,55,56,53,54,59,51,45,47,60,24,25,26,27,44,57,30,52,23,,,D1,C2,D4,B5,C6,,A3,A1,E3,D2,B4,F3,F1,F2,B1,C4,E4,C3,E1,D3,E2,F4,D5,A5,F5,A4,B3,C1,B2,A2,E5
2008-03-20,,61,33,34,35,36,,38,39,40,46,58,43,41,55,56,53,54,59,51,45,47,60,24,25,26,27,44,57,30,52,23,,,D1,C2,D4,B5,C6,,A3,A1,E3,D2,B4,F3,F1,F2,B1,C4,E4,C3,E1,D3,E2,F4,D5,A5,F5,A4,B3,C1,B2,A2,E5
2008-03-21,,61,33,34,35,36,,38,39,40,46,58,43,41,55,56,53,54,59,51,45,47,60,24,25,26,27,44,57,30,52,23,,,D1,C2,D4,B5,C6,,A3,A1,E3,D2,B4,F3,F1,F2,B1,C4,E4,C3,E1,D3,E2,F4,D5,A5,F5,A4,B3,C1,B2,A2,E5
2008-03-22,,61,33,34,35,36,,38,39,40,46,58,43,41,55,56,53,54,59,51,45,47,60,24,25,26,27,44,57,30,52,23,,,D1,C2,D4,B5,C6,,A3,A1,E3,D2,B4,F3,F1,F2,B1,C4,E4,C3,E1,D3,E2,F4,D5,A5,F5,A4,B3,C1,B2,A2,E5
2008-03-23,,61,33,34,35,36,,38,39,40,46,58,43,41,55,56,53,54,59,51,45,47,60,24,25,26,27,44,57,30,52,23,,,D1,C2,D4,B5,C6,,A3,A1,E3,D2,B4,F3,F1,F2,B1,C4,E4,C3,E1,D3,E2,F4,D5,A5,F5,A4,B3,C1,B2,A2,E5
2008-03-24,,61,33,34,35,36,48,38,39,40,46,58,43,41,55,56,53,54,59,51,45,47,60,24,25,26,27,44,57,30,52,23,,,D1,C2,D4,B5,C6,A6,A3,A1,E3,D2,B4,F3,F1,F2,B1,C4,E4,C3,E1,D3,E2,F4,D5,A5,F5,A4,B3,C1,B2,A2,E5
2008-03-25,,61,33,34,35,36,48,38,39,40,46,58,43,41,55,56,53,54,59,51,45,47,60,24,25,26,27,44,57,30,52,23,,,D1,C2,D4,B5,C6,A6,A3,A1,E3,D2,B4,F3,F1,F2,B1,C4,E4,C3,E1,D3,E2,F4,D5,A5,F5,A4,B3,C1,B2,A2,E5
2008-03-26,,61,33,34,35,36,48,38,39,40,46,58,43,41,55,56,53,54,59,51,45,47,60,24,25,26,27,44,57,30,52,23,,,D1,C2,D4,B5,C6,A6,A3,A1,E3,D2,B4,F3,F1,F2,B1,C4,E4,C3,E1,D3,E2,F4,D5,A5,F5,A4,B3,C1,B2,A2,E5
2008-03-27,,61,33,34,35,36,48,38,39,40,46,58,43,41,55,56,53,54,59,51,45,47,60,24,25,26,27,44,57,30,52,23,,,D1,C2,D4,B5,C6,A6,A3,A1,E3,D2,B4,F3,F1,F2,B1,C4,E4,C3,E1,D3,E2,F4,D5,A5,F5,A4,B3,C1,B2,A2,E5
2008-03-28,,61,33,34,35,36,48,38,39,40,46,58,43,41,55,56,53,54,59,51,45,47,60,24,25,26,27,44,57,30,52,23,,,D1,C2,D4,B5,C6,A6,A3,A1,E3,D2,B4,F3,F1,F2,B1,C4,E4,C3,E1,D3,E2,F4,D5,A5,F5,A4,B3,C1,B2,A2,E5
2008-03-29,,61,33,34,35,36,48,38,39,40,46,58,43,41,55,56,53,54,59,51,45,47,60,24,25,26,27,44,57,30,52,23,,,D1,C2,D4,B5,C6,A6,A3,A1,E3,D2,B4,F3,F1,F2,B1,C4,E4,C3,E1,D3,E2,F4,D5,A5,F5,A4,B3,C1,B2,A2,E5
2008-03-30,,61,33,34,35,36,48,38,39,40,46,58,43,41,55,56,53,54,59,51,45,47,60,24,25,26,27,44,57,30,52,23,,,D1,C2,D4,B5,C6,A6,A3,A1,E3,D2,B4,F3,F1,F2,B1,C4,E4,C3,E1,D3,E2,F4,D5,A5,F5,A4,B3,C1,B2,A2,E5
2008-03-31,,61,33,34,35,36,48,38,39,40,46,58,43,41,55,56,53,54,59,51,45,47,60,24,25,26,27,44,57,30,52,23,,,D1,C2,D4,B5,C6,A6,A3,A1,E3,D2,B4,F3,F1,F2,B1,C4,E4,C3,E1,D3,E2,F4,D5,A5,F5,A4,B3,C1,B2,A2,E5
2008-04-01,,61,33,34,35,36,48,38,39,40,46,58,43,41,55,56,53,54,59,51,45,47,60,24,25,26,27,44,57,30,52,23,,,D1,C2,D4,B5,C6,A6,A3,A1,E3,D2,B4,F3,F1,F2,B1,C4,E4,C3,E1,D3,E2,F4,D5,A5,F5,A4,B3,C1,B2,A2,E5
2008-04-02,,61,33,34,35,36,48,38,39,40,46,58,43,41,55,56,53,54,59,51,45,47,60,24,25,26,27,44,57,30,52,23,,,D1,C2,D4,B5,C6,A6,A3,A1,E3,D2,B4,F3,F1,F2,B1,C4,E4,C3,E1,D3,E2,F4,D5,A5,F5,A4,B3,C1,B2,A2,E5
2008-04-03,,61,33,34,35,36,48,38,39,40,46,58,43,41,55,56,53,54,59,51,45,47,60,24,25,26,27,44,57,30,52,23,,,D1,C2,D4,B5,C6,A6,A3,A1,E3,D2,B4,F3,F1,F2,B1,C4,E4,C3,E1,D3,E2,F4,D5,A5,F5,A4,B3,C1,B2,A2,E5
2008-04-04,,61,33,34,35,36,48,38,39,40,46,58,43,41,55,56,53,54,59,51,45,47,60,24,25,26,27,44,57,30,52,23,,,D1,C2,D4,B5,C6,A6,A3,A1,E3,D2,B4,F3,F1,F2,B1,C4,E4,C3,E1,D3,E2,F4,D5,A5,F5,A4,B3,C1,B2,A2,E5
2008-04-05,,61,33,34,35,36,48,38,39,40,46,58,43,41,55,56,53,54,59,51,45,47,60,24,25,26,27,44,57,30,52,23,,,D1,C2,D4,B5,C6,A6,A3,A1,E3,D2,B4,F3,F1,F2,B1,C4,E4,C3,E1,D3,E2,F4,D5,A5,F5,A4,B3,C1,B2,A2,E5
2008-04-06,,61,33,34,35,36,48,38,39,40,46,58,43,41,55,56,53,54,59,51,45,47,60,24,25,26,27,44,57,30,52,23,,,D1,C2,D4,B5,C6,A6,A3,A1,E3,D2,B4,F3,F1,F2,B1,C4,E4,C3,E1,D3,E2,F4,D5,A5,F5,A4,B3,C1,B2,A2,E5
2008-04-07,,61,33,34,35,36,48,38,39,40,46,58,43,41,55,56,53,54,59,51,45,47,60,24,25,26,27,44,57,30,52,23,,,D1,C2,D4,B5,C6,A6,A3,A1,E3,D2,B4,F3,F1,F2,B1,C4,E4,C3,E1,D3,E2,F4,D5,A5,F5,A4,B3,C1,B2,A2,E5
2008-04-08,,61,33,34,35,36,48,38,39,40,46,58,43,41,55,56,53,54,59,51,45,47,60,24,25,26,27,44,57,30,52,23,,,D1,C2,D4,B5,C6,A6,A3,A1,E3,D2,B4,F3,F1,F2,B1,C4,E4,C3,E1,D3,E2,F4,D5,A5,F5,A4,B3,C1,B2,A2,E5
2008-04-09,,61,33,34,35,36,48,38,39,40,46,58,43,41,55,56,53,54,59,51,45,47,60,24,25,26,27,44,57,30,52,23,,,D1,C2,D4,B5,C6,A6,A3,A1,E3,D2,B4,F3,F1,F2,B1,C4,E4,C3,E1,D3,E2,F4,D5,A5,F5,A4,B3,C1,B2,A2,E5
2008-04-10,,61,33,34,35,36,48,38,39,40,46,58,43,41,55,56,53,54,59,51,45,47,60,24,25,26,27,44,57,30,52,23,,,D1,C2,D4,B5,C6,A6,A3,A1,E3,D2,B4,F3,F1,F2,B1,C4,E4,C3,E1,D3,E2,F4,D5,A5,F5,A4,B3,C1,B2,A2,E5
2008-04-11,,61,33,34,35,36,48,38,39,40,46,58,43,41,55,56,53,54,59,51,45,47,60,24,25,26,27,44,57,30,52,23,,,D1,C2,D4,B5,C6,A6,A3,A1,E3,D2,B4,F3,F1,F2,B1,C4,E4,C3,E1,D3,E2,F4,D5,A5,F5,A4,B3,C1,B2,A2,E5
2008-04-12,,61,33,34,35,36,48,38,39,40,46,58,43,41,55,56,53,54,59,51,45,47,60,24,25,26,27,44,57,30,52,23,,,D1,C2,D4,B5,C6,A6,A3,A1,E3,D2,B4,F3,F1,F2,B1,C4,E4,C3,E1,D3,E2,F4,D5,A5,F5,A4,B3,C1,B2,A2,E5
2008-04-13,,61,33,34,35,36,48,38,39,40,46,58,43,41,55,56,53,54,59,51,45,47,60,24,25,26,27,44,57,30,52,23,,,D1,C2,D4,B5,C6,A6,A3,A1,E3,D2,B4,F3,F1,F2,B1,C4,E4,C3,E1,D3,E2,F4,D5,A5,F5,A4,B3,C1,B2,A2,E5
2008-04-14,,61,33,34,35,36,48,38,39,40,46,58,43,41,55,56,53,54,59,51,45,47,60,24,25,26,27,44,57,30,52,23,,,D1,C2,D4,B5,C6,A6,A3,A1,E3,D2,B4,F3,F1,F2,B1,C4,E4,C3,E1,D3,E2,F4,D5,A5,F5,A4,B3,C1,B2,A2,E5
2008-04-15,,61,33,34,35,36,48,38,39,40,46,58,43,41,55,56,53,54,59,51,45,47,60,24,25,26,27,44,57,30,52,23,,,D1,C2,D4,B5,C6,A6,A3,A1,E3,D2,B4,F3,F1,F2,B1,C4,E4,C3,E1,D3,E2,F4,D5,A5,F5,A4,B3,C1,B2,A2,E5
2008-04-16,,61,33,34,35,36,48,38,39,40,46,58,43,41,55,56,53,54,59,51,45,47,60,24,25,26,27,44,57,30,52,23,,,D1,C2,D4,B5,C6,A6,A3,A1,E3,D2,B4,F3,F1,F2,B1,C4,E4,C3,E1,D3,E2,F4,D5,A5,F5,A4,B3,C1,B2,A2,E5
2008-04-17,,61,33,34,35,36,48,38,39,40,46,58,43,41,55,56,53,54,59,51,45,47,60,24,25,26,27,44,57,30,52,23,,,D1,C2,D4,B5,C6,A6,A3,A1,E3,D2,B4,F3,F1,F2,B1,C4,E4,C3,E1,D3,E2,F4,D5,A5,F5,A4,B3,C1,B2,A2,E5
2008-04-18,,61,33,34,35,36,48,38,39,40,46,58,43,41,55,56,53,54,59,51,45,47,60,24,25,26,27,44,57,30,52,23,,,D1,C2,D4,B5,C6,A6,A3,A1,E3,D2,B4,F3,F1,F2,B1,C4,E4,C3,E1,D3,E2,F4,D5,A5,F5,A4,B3,C1,B2,A2,E5
2008-04-19,,61,33,34,35,36,48,38,39,40,46,58,43,41,55,56,53,54,59,51,45,47,60,24,25,26,27,44,57,30,52,23,,,D1,C2,D4,B5,C6,A6,A3,A1,E3,D2,B4,F3,F1,F2,B1,C4,E4,C3,E1,D3,E2,F4,D5,A5,F5,A4,B3,C1,B2,A2,E5
2008-04-20,,61,33,34,35,36,48,38,39,40,46,58,43,41,55,56,53,54,59,51,45,47,60,24,25,26,27,44,57,30,52,23,,,D1,C2,D4,B5,C6,A6,A3,A1,E3,D2,B4,F3,F1,F2,B1,C4,E4,C3,E1,D3,E2,F4,D5,A5,F5,A4,B3,C1,B2,A2,E5
2008-04-21,,61,33,34,35,36,48,38,39,40,46,58,43,41,55,56,53,54,59,51,45,47,60,24,25,26,27,44,57,30,52,23,,,D1,C2,D4,B5,C6,A6,A3,A1,E3,D2,B4,F3,F1,F2,B1,C4,E4,C3,E1,D3,E2,F4,D5,A5,F5,A4,B3,C1,B2,A2,E5
2008-04-22,,61,33,34,35,36,48,38,39,40,46,58,43,41,55,56,53,54,59,51,45,47,60,24,25,26,27,44,57,30,52,23,,,D1,C2,D4,B5,C6,A6,A3,A1,E3,D2,B4,F3,F1,F2,B1,C4,E4,C3,E1,D3,E2,F4,D5,A5,F5,A4,B3,C1,B2,A2,E5
2008-04-23,,61,33,34,35,36,48,38,39,40,46,58,43,41,55,56,53,54,59,51,45,47,60,24,25,26,27,44,57,30,52,23,,,D1,C2,D4,B5,C6,A6,A3,A1,E3,D2,B4,F3,F1,F2,B1,C4,E4,C3,E1,D3,E2,F4,D5,A5,F5,A4,B3,C1,B2,A2,E5
2008-04-24,,61,33,34,35,36,48,38,39,40,46,58,43,41,55,56,53,54,59,51,45,47,60,24,25,26,27,44,57,30,52,23,,,D1,C2,D4,B5,C6,A6,A3,A1,E3,D2,B4,F3,F1,F2,B1,C4,E4,C3,E1,D3,E2,F4,D5,A5,F5,A4,B3,C1,B2,A2,E5
2008-04-25,,61,33,34,35,36,48,38,39,40,46,58,43,41,55,56,53,54,59,51,45,47,60,24,25,26,27,44,57,30,52,23,,,D1,C2,D4,B5,C6,A6,A3,A1,E3,D2,B4,F3,F1,F2,B1,C4,E4,C3,E1,D3,E2,F4,D5,A5,F5,A4,B3,C1,B2,A2,E5
2008-04-26,,61,33,34,35,36,48,38,39,40,46,58,43,41,55,56,53,54,59,51,45,47,60,24,25,26,27,44,57,30,52,23,,,D1,C2,D4,B5,C6,A6,A3,A1,E3,D2,B4,F3,F1,F2,B1,C4,E4,C3,E1,D3,E2,F4,D5,A5,F5,A4,B3,C1,B2,A2,E5
2008-04-27,,61,33,34,35,36,48,38,39,40,46,58,43,41,55,56,53,54,59,51,45,47,60,24,25,26,27,44,57,30,52,23,,,D1,C2,D4,B5,C6,A6,A3,A1,E3,D2,B4,F3,F1,F2,B1,C4,E4,C3,E1,D3,E2,F4,D5,A5,F5,A4,B3,C1,B2,A2,E5
2008-04-28,,61,33,34,35,36,48,38,39,40,46,58,43,41,55,56,53,54,59,51,45,47,60,24,25,26,27,44,57,30,52,23,,,D1,C2,D4,B5,C6,A6,A3,A1,E3,D2,B4,F3,F1,F2,B1,C4,E4,C3,E1,D3,E2,F4,D5,A5,F5,A4,B3,C1,B2,A2,E5
2008-04-29,,61,33,34,35,36,48,38,39,40,46,58,43,41,55,56,53,54,59,51,45,47,60,24,25,26,27,44,57,30,52,23,,,D1,C2,D4,B5,C6,A6,A3,A1,E3,D2,B4,F3,F1,F2,B1,C4,E4,C3,E1,D3,E2,F4,D5,A5,F5,A4,B3,C1,B2,A2,E5
2008-04-30,,61,33,34,35,36,48,38,39,40,46,58,43,41,55,56,53,54,59,51,45,47,60,24,25,26,27,44,57,30,52,23,,,D1,C2,D4,B5,C6,A6,A3,A1,E3,D2,B4,F3,F1,F2,B1,C4,E4,C3,E1,D3,E2,F4,D5,A5,F5,A4,B3,C1,B2,A2,E5
2008-05-01,,61,33,34,35,36,48,38,39,40,46,58,43,41,55,56,53,54,59,51,45,47,60,24,25,26,27,44,57,30,52,23,,,D1,C2,D4,B5,C6,A6,A3,A1,E3,D2,B4,F3,F1,F2,B1,C4,E4,C3,E1,D3,E2,F4,D5,A5,F5,A4,B3,C1,B2,A2,E5
2008-05-02,,61,33,34,35,36,48,38,39,40,46,58,43,41,55,56,53,54,59,51,45,47,60,24,25,26,27,44,57,30,52,23,,,D1,C2,D4,B5,C6,A6,A3,A1,E3,D2,B4,F3,F1,F2,B1,C4,E4,C3,E1,D3,E2,F4,D5,A5,F5,A4,B3,C1,B2,A2,E5
2008-05-03,,61,33,34,35,36,48,38,39,40,46,58,43,41,55,56,53,54,59,51,45,47,60,24,25,26,27,44,57,30,52,23,,,D1,C2,D4,B5,C6,A6,A3,A1,E3,D2,B4,F3,F1,F2,B1,C4,E4,C3,E1,D3,E2,F4,D5,A5,F5,A4,B3,C1,B2,A2,E5
2008-05-04,,61,33,34,35,36,48,38,39,40,46,58,43,41,55,56,53,54,59,51,45,47,60,24,25,26,27,44,57,30,52,23,,,D1,C2,D4,B5,C6,A6,A3,A1,E3,D2,B4,F3,F1,F2,B1,C4,E4,C3,E1,D3,E2,F4,D5,A5,F5,A4,B3,C1,B2,A2,E5
2008-05-05,,61,33,34,35,36,48,38,39,40,46,58,43,41,55,56,53,54,59,51,45,47,60,24,25,26,27,44,57,30,52,23,,,D1,C2,D4,B5,C6,A6,A3,A1,E3,D2,B4,F3,F1,F2,B1,C4,E4,C3,E1,D3,E2,F4,D5,A5,F5,A4,B3,C1,B2,A2,E5
2008-05-06,,61,33,34,35,36,48,38,39,40,46,58,43,41,55,56,53,54,59,51,45,47,60,24,25,26,27,44,57,30,52,23,,,D1,C2,D4,B5,C6,A6,A3,A1,E3,D2,B4,F3,F1,F2,B1,C4,E4,C3,E1,D3,E2,F4,D5,A5,F5,A4,B3,C1,B2,A2,E5
2008-05-07,,61,33,34,35,36,48,38,39,40,46,58,43,41,55,56,53,54,59,51,45,47,60,24,25,26,27,44,57,30,52,23,,,D1,C2,D4,B5,C6,A6,A3,A1,E3,D2,B4,F3,F1,F2,B1,C4,E4,C3,E1,D3,E2,F4,D5,A5,F5,A4,B3,C1,B2,A2,E5
2008-05-08,,61,33,34,35,36,48,38,39,40,46,58,43,41,55,56,53,54,59,51,45,47,60,24,25,26,27,44,57,30,52,23,,,D1,C2,D4,B5,C6,A6,A3,A1,E3,D2,B4,F3,F1,F2,B1,C4,E4,C3,E1,D3,E2,F4,D5,A5,F5,A4,B3,C1,B2,A2,E5
2008-05-09,,61,33,34,35,36,48,38,39,40,46,58,43,41,55,56,53,54,59,51,45,47,60,24,25,26,27,44,57,30,52,23,,,D1,C2,D4,B5,C6,A6,A3,A1,E3,D2,B4,F3,F1,F2,B1,C4,E4,C3,E1,D3,E2,F4,D5,A5,F5,A4,B3,C1,B2,A2,E5
2008-05-10,,61,33,34,35,36,48,38,39,40,46,58,43,41,55,56,53,54,59,51,45,47,60,24,25,26,27,44,57,30,52,23,,,D1,C2,D4,B5,C6,A6,A3,A1,E3,D2,B4,F3,F1,F2,B1,C4,E4,C3,E1,D3,E2,F4,D5,A5,F5,A4,B3,C1,B2,A2,E5
2008-05-11,,61,33,34,35,36,48,38,39,40,46,58,43,41,55,56,53,54,59,51,45,47,60,24,25,26,27,44,57,30,52,23,,,D1,C2,D4,B5,C6,A6,A3,A1,E3,D2,B4,F3,F1,F2,B1,C4,E4,C3,E1,D3,E2,F4,D5,A5,F5,A4,B3,C1,B2,A2,E5
2008-05-12,,61,33,34,35,36,48,38,39,40,46,58,43,41,55,56,53,54,59,51,45,47,60,24,25,26,27,44,57,30,52,23,,,D1,C2,D4,B5,C6,A6,A3,A1,E3,D2,B4,F3,F1,F2,B1,C4,E4,C3,E1,D3,E2,F4,D5,A5,F5,A4,B3,C1,B2,A2,E5
2008-05-13,,61,33,34,35,36,48,38,39,40,46,58,43,41,55,56,53,54,59,51,45,47,60,24,25,26,27,44,57,30,52,23,,,D1,C2,D4,B5,C6,A6,A3,A1,E3,D2,B4,F3,F1,F2,B1,C4,E4,C3,E1,D3,E2,F4,D5,A5,F5,A4,B3,C1,B2,A2,E5
2008-05-14,,61,33,34,35,36,48,38,39,40,46,58,43,41,55,56,53,54,59,51,45,47,60,24,25,26,27,44,57,30,52,23,,,D1,C2,D4,B5,C6,A6,A3,A1,E3,D2,B4,F3,F1,F2,B1,C4,E4,C3,E1,D3,E2,F4,D5,A5,F5,A4,B3,C1,B2,A2,E5
2008-05-15,,61,33,34,35,36,48,38,39,40,46,58,43,41,55,56,53,54,59,51,45,47,60,24,25,26,27,44,57,30,52,23,,,D1,C2,D4,B5,C6,A6,A3,A1,E3,D2,B4,F3,F1,F2,B1,C4,E4,C3,E1,D3,E2,F4,D5,A5,F5,A4,B3,C1,B2,A2,E5
2008-05-16,,61,33,34,35,36,48,38,39,40,46,58,43,41,55,56,53,54,59,51,45,47,60,24,25,26,27,44,57,30,52,23,,,D1,C2,D4,B5,C6,A6,A3,A1,E3,D2,B4,F3,F1,F2,B1,C4,E4,C3,E1,D3,E2,F4,D5,A5,F5,A4,B3,C1,B2,A2,E5
2008-05-17,,61,33,34,35,36,48,38,39,40,46,58,43,41,55,56,53,54,59,51,45,47,60,24,25,26,27,44,57,30,52,23,,,D1,C2,D4,B5,C6,A6,A3,A1,E3,D2,B4,F3,F1,F2,B1,C4,E4,C3,E1,D3,E2,F4,D5,A5,F5,A4,B3,C1,B2,A2,E5
2008-05-18,,61,33,34,35,36,48,38,39,40,46,58,43,41,55,56,53,54,59,51,45,47,60,24,25,26,27,44,57,30,52,23,,,D1,C2,D4,B5,C6,A6,A3,A1,E3,D2,B4,F3,F1,F2,B1,C4,E4,C3,E1,D3,E2,F4,D5,A5,F5,A4,B3,C1,B2,A2,E5
2008-05-19,,61,33,34,35,36,48,38,39,40,46,58,43,41,55,56,53,54,59,51,45,47,60,24,25,26,27,44,57,30,52,23,,,D1,C2,D4,B5,C6,A6,A3,A1,E3,D2,B4,F3,F1,F2,B1,C4,E4,C3,E1,D3,E2,F4,D5,A5,F5,A4,B3,C1,B2,A2,E5
2008-05-20,,61,33,34,35,36,48,38,39,40,46,58,43,41,55,56,53,54,59,51,45,47,60,24,25,26,27,44,57,30,52,23,,,D1,C2,D4,B5,C6,A6,A3,A1,E3,D2,B4,F3,F1,F2,B1,C4,E4,C3,E1,D3,E2,F4,D5,A5,F5,A4,B3,C1,B2,A2,E5
2008-05-21,,61,33,34,35,36,48,38,39,40,46,58,43,41,55,56,53,54,59,51,45,47,60,24,25,26,27,44,57,30,52,23,,,D1,C2,D4,B5,C6,A6,A3,A1,E3,D2,B4,F3,F1,F2,B1,C4,E4,C3,E1,D3,E2,F4,D5,A5,F5,A4,B3,C1,B2,A2,E5
2008-05-22,,61,33,34,35,36,48,38,39,40,46,58,43,41,55,56,53,54,59,51,45,47,60,24,25,26,27,44,57,30,52,23,,,D1,C2,D4,B5,C6,A6,A3,A1,E3,D2,B4,F3,F1,F2,B1,C4,E4,C3,E1,D3,E2,F4,D5,A5,F5,A4,B3,C1,B2,A2,E5
2008-05-23,,61,33,34,35,36,48,38,39,40,46,58,43,41,55,56,53,54,59,51,45,47,60,24,25,26,27,44,57,30,52,23,,,D1,C2,D4,B5,C6,A6,A3,A1,E3,D2,B4,F3,F1,F2,B1,C4,E4,C3,E1,D3,E2,F4,D5,A5,F5,A4,B3,C1,B2,A2,E5
2008-05-24,,61,33,34,35,36,48,38,39,40,46,58,43,41,55,56,53,54,59,51,45,47,60,24,25,26,27,44,57,30,52,23,,,D1,C2,D4,B5,C6,A6,A3,A1,E3,D2,B4,F3,F1,F2,B1,C4,E4,C3,E1,D3,E2,F4,D5,A5,F5,A4,B3,C1,B2,A2,E5
2008-05-25,,61,33,34,35,36,48,38,39,40,46,58,43,41,55,56,53,54,59,51,45,47,60,24,25,26,27,44,57,30,52,23,,,D1,C2,D4,B5,C6,A6,A3,A1,E3,D2,B4,F3,F1,F2,B1,C4,E4,C3,E1,D3,E2,F4,D5,A5,F5,A4,B3,C1,B2,A2,E5
2008-05-26,,61,33,34,35,36,48,38,39,40,46,58,43,41,55,56,53,54,59,51,45,47,60,24,25,26,27,44,57,30,52,23,,,D1,C2,D4,B5,C6,A6,A3,A1,E3,D2,B4,F3,F1,F2,B1,C4,E4,C3,E1,D3,E2,F4,D5,A5,F5,A4,B3,C1,B2,A2,E5
2008-05-27,,61,33,34,35,36,48,38,39,40,46,58,43,41,55,56,53,54,59,51,45,47,60,24,25,26,27,44,57,30,52,23,,,D1,C2,D4,B5,C6,A6,A3,A1,E3,D2,B4,F3,F1,F2,B1,C4,E4,C3,E1,D3,E2,F4,D5,A5,F5,A4,B3,C1,B2,A2,E5
2008-05-28,,61,33,34,35,36,48,38,39,40,46,58,43,41,55,56,53,54,59,51,45,47,60,24,25,26,27,44,57,30,52,23,,,D1,C2,D4,B5,C6,A6,A3,A1,E3,D2,B4,F3,F1,F2,B1,C4,E4,C3,E1,D3,E2,F4,D5,A5,F5,A4,B3,C1,B2,A2,E5
2008-05-29,,61,33,34,35,36,48,38,39,40,46,58,43,41,55,56,53,54,59,51,45,47,60,24,25,26,27,44,57,30,52,23,,,D1,C2,D4,B5,C6,A6,A3,A1,E3,D2,B4,F3,F1,F2,B1,C4,E4,C3,E1,D3,E2,F4,D5,A5,F5,A4,B3,C1,B2,A2,E5
2008-05-30,,61,33,34,35,36,48,38,39,40,46,58,43,41,55,56,53,54,59,51,45,47,60,24,25,26,27,44,57,30,52,23,,,D1,C2,D4,B5,C6,A6,A3,A1,E3,D2,B4,F3,F1,F2,B1,C4,E4,C3,E1,D3,E2,F4,D5,A5,F5,A4,B3,C1,B2,A2,E5
2008-05-31,,61,33,34,35,36,48,38,39,40,46,58,43,41,55,56,53,54,59,51,45,47,60,24,25,26,27,44,57,30,52,23,,,D1,C2,D4,B5,C6,A6,A3,A1,E3,D2,B4,F3,F1,F2,B1,C4,E4,C3,E1,D3,E2,F4,D5,A5,F5,A4,B3,C1,B2,A2,E5
2008-06-01,,61,33,34,35,36,48,38,39,40,46,58,43,41,55,56,53,54,59,51,45,47,60,24,25,26,27,44,57,30,52,23,,,D1,C2,D4,B5,C6,A6,A3,A1,E3,D2,B4,F3,F1,F2,B1,C4,E4,C3,E1,D3,E2,F4,D5,A5,F5,A4,B3,C1,B2,A2,E5
2008-06-02,,61,33,34,35,36,48,38,39,40,46,58,43,41,55,56,53,54,59,51,45,47,60,24,25,26,27,44,57,30,52,23,,,D1,C2,D4,B5,C6,A6,A3,A1,E3,D2,B4,F3,F1,F2,B1,C4,E4,C3,E1,D3,E2,F4,D5,A5,F5,A4,B3,C1,B2,A2,E5
2008-06-03,,61,33,34,35,36,48,38,39,40,46,58,43,41,55,56,53,54,59,51,45,47,60,24,25,26,27,44,57,30,52,23,,,D1,C2,D4,B5,C6,A6,A3,A1,E3,D2,B4,F3,F1,F2,B1,C4,E4,C3,E1,D3,E2,F4,D5,A5,F5,A4,B3,C1,B2,A2,E5
2008-06-04,,61,33,34,35,36,48,38,39,40,46,58,43,41,55,56,53,54,59,51,45,47,60,24,25,26,27,44,57,30,52,23,,,D1,C2,D4,B5,C6,A6,A3,A1,E3,D2,B4,F3,F1,F2,B1,C4,E4,C3,E1,D3,E2,F4,D5,A5,F5,A4,B3,C1,B2,A2,E5
2008-06-05,,61,33,34,35,36,48,38,39,40,46,58,43,41,55,56,53,54,59,51,45,47,60,24,25,26,27,44,57,30,52,23,,,D1,C2,D4,B5,C6,A6,A3,A1,E3,D2,B4,F3,F1,F2,B1,C4,E4,C3,E1,D3,E2,F4,D5,A5,F5,A4,B3,C1,B2,A2,E5
2008-06-06,,61,33,34,35,36,48,38,39,40,46,58,43,41,55,56,53,54,59,51,45,47,60,24,25,26,27,44,57,30,52,23,,,D1,C2,D4,B5,C6,A6,A3,A1,E3,D2,B4,F3,F1,F2,B1,C4,E4,C3,E1,D3,E2,F4,D5,A5,F5,A4,B3,C1,B2,A2,E5
2008-06-07,,61,33,34,35,36,48,38,39,40,46,58,43,41,55,56,53,54,59,51,45,47,60,24,25,26,27,44,57,30,52,23,,,D1,C2,D4,B5,C6,A6,A3,A1,E3,D2,B4,F3,F1,F2,B1,C4,E4,C3,E1,D3,E2,F4,D5,A5,F5,A4,B3,C1,B2,A2,E5
2008-06-08,,61,33,34,35,36,48,38,39,40,46,58,43,41,55,56,53,54,59,51,45,47,60,24,25,26,27,44,57,30,52,23,,,D1,C2,D4,B5,C6,A6,A3,A1,E3,D2,B4,F3,F1,F2,B1,C4,E4,C3,E1,D3,E2,F4,D5,A5,F5,A4,B3,C1,B2,A2,E5
2008-06-09,,61,33,34,35,36,48,38,39,40,46,58,43,41,55,56,53,54,59,51,45,47,60,24,25,26,27,44,57,30,52,23,,,D1,C2,D4,B5,C6,A6,A3,A1,E3,D2,B4,F3,F1,F2,B1,C4,E4,C3,E1,D3,E2,F4,D5,A5,F5,A4,B3,C1,B2,A2,E5
2008-06-10,,61,33,34,35,36,48,38,39,40,46,58,43,41,55,56,53,54,59,51,45,47,60,24,25,26,27,44,57,30,52,23,,,D1,C2,D4,B5,C6,A6,A3,A1,E3,D2,B4,F3,F1,F2,B1,C4,E4,C3,E1,D3,E2,F4,D5,A5,F5,A4,B3,C1,B2,A2,E5
2008-06-11,,61,33,34,35,36,48,38,39,40,46,58,43,41,55,56,53,54,59,51,45,47,60,24,25,26,27,44,57,30,52,23,,,D1,C2,D4,B5,C6,A6,A3,A1,E3,D2,B4,F3,F1,F2,B1,C4,E4,C3,E1,D3,E2,F4,D5,A5,F5,A4,B3,C1,B2,A2,E5
2008-06-12,,61,33,34,35,36,48,38,39,40,46,58,43,41,55,56,53,54,59,51,45,47,60,24,25,26,27,44,57,30,52,23,,,D1,C2,D4,B5,C6,A6,A3,A1,E3,D2,B4,F3,F1,F2,B1,C4,E4,C3,E1,D3,E2,F4,D5,A5,F5,A4,B3,C1,B2,A2,E5
2008-06-13,,61,33,34,35,36,48,38,39,40,46,58,43,41,55,56,53,54,59,51,45,47,60,24,25,26,27,44,57,30,52,23,,,D1,C2,D4,B5,C6,A6,A3,A1,E3,D2,B4,F3,F1,F2,B1,C4,E4,C3,E1,D3,E2,F4,D5,A5,F5,A4,B3,C1,B2,A2,E5
2008-06-14,,61,33,34,35,36,48,38,39,40,46,58,43,41,55,56,53,54,59,51,45,47,60,24,25,26,27,44,57,30,52,23,,,D1,C2,D4,B5,C6,A6,A3,A1,E3,D2,B4,F3,F1,F2,B1,C4,E4,C3,E1,D3,E2,F4,D5,A5,F5,A4,B3,C1,B2,A2,E5
2008-06-15,,61,33,34,35,36,48,38,39,40,46,58,43,41,55,56,53,54,59,51,45,47,60,24,25,26,27,44,57,30,52,23,,,D1,C2,D4,B5,C6,A6,A3,A1,E3,D2,B4,F3,F1,F2,B1,C4,E4,C3,E1,D3,E2,F4,D5,A5,F5,A4,B3,C1,B2,A2,E5
2008-06-16,,61,33,34,35,36,48,38,39,40,46,58,43,41,55,56,53,54,59,51,45,47,60,24,25,26,27,44,57,30,52,23,,,D1,C2,D4,B5,C6,A6,A3,A1,E3,D2,B4,F3,F1,F2,B1,C4,E4,C3,E1,D3,E2,F4,D5,A5,F5,A4,B3,C1,B2,A2,E5
2008-06-17,,61,33,34,35,36,48,38,39,40,46,58,43,41,55,56,53,54,59,51,45,47,60,24,25,26,27,44,57,30,52,23,,,D1,C2,D4,B5,C6,A6,A3,A1,E3,D2,B4,F3,F1,F2,B1,C4,E4,C3,E1,D3,E2,F4,D5,A5,F5,A4,B3,C1,B2,A2,E5
2008-06-18,,61,33,34,35,36,48,38,39,40,46,58,43,41,55,56,53,54,59,51,45,47,60,24,25,26,27,44,57,30,52,23,,,D1,C2,D4,B5,C6,A6,A3,A1,E3,D2,B4,F3,F1,F2,B1,C4,E4,C3,E1,D3,E2,F4,D5,A5,F5,A4,B3,C1,B2,A2,E5
2008-06-19,,61,33,34,35,36,48,38,39,40,46,58,43,41,55,56,53,54,59,51,45,47,60,24,25,26,27,44,57,30,52,23,,,D1,C2,D4,B5,C6,A6,A3,A1,E3,D2,B4,F3,F1,F2,B1,C4,E4,C3,E1,D3,E2,F4,D5,A5,F5,A4,B3,C1,B2,A2,E5
2008-06-20,,61,33,34,35,36,48,38,39,40,46,58,43,41,55,56,53,54,59,51,45,47,60,24,25,26,27,44,57,30,52,23,,,D1,C2,D4,B5,C6,A6,A3,A1,E3,D2,B4,F3,F1,F2,B1,C4,E4,C3,E1,D3,E2,F4,D5,A5,F5,A4,B3,C1,B2,A2,E5
2008-06-21,,61,33,34,35,36,48,38,39,40,46,58,43,41,55,56,53,54,59,51,45,47,60,24,25,26,27,44,57,30,52,23,,,D1,C2,D4,B5,C6,A6,A3,A1,E3,D2,B4,F3,F1,F2,B1,C4,E4,C3,E1,D3,E2,F4,D5,A5,F5,A4,B3,C1,B2,A2,E5
2008-06-22,,61,33,34,35,36,48,38,39,40,46,58,43,41,55,56,53,54,59,51,45,47,60,24,25,26,27,44,57,30,52,23,,,D1,C2,D4,B5,C6,A6,A3,A1,E3,D2,B4,F3,F1,F2,B1,C4,E4,C3,E1,D3,E2,F4,D5,A5,F5,A4,B3,C1,B2,A2,E5
2008-06-23,,61,33,34,35,36,48,38,39,40,46,58,43,41,55,56,53,54,59,51,45,47,60,24,25,26,27,44,57,30,52,23,,,D1,C2,D4,B5,C6,A6,A3,A1,E3,D2,B4,F3,F1,F2,B1,C4,E4,C3,E1,D3,E2,F4,D5,A5,F5,A4,B3,C1,B2,A2,E5
2008-06-24,,61,33,34,35,36,48,38,39,40,46,58,43,41,55,56,53,54,59,51,45,47,60,24,25,26,27,44,57,30,52,23,,,D1,C2,D4,B5,C6,A6,A3,A1,E3,D2,B4,F3,F1,F2,B1,C4,E4,C3,E1,D3,E2,F4,D5,A5,F5,A4,B3,C1,B2,A2,E5
2008-06-25,,61,33,34,35,36,48,38,39,40,46,58,43,41,55,56,53,54,59,51,45,47,60,24,25,26,27,44,57,30,52,23,,,D1,C2,D4,B5,C6,A6,A3,A1,E3,D2,B4,F3,F1,F2,B1,C4,E4,C3,E1,D3,E2,F4,D5,A5,F5,A4,B3,C1,B2,A2,E5
2008-06-26,,61,33,34,35,36,48,38,39,40,46,58,43,41,55,56,53,54,59,51,45,47,60,24,25,26,27,44,57,30,52,23,,,D1,C2,D4,B5,C6,A6,A3,A1,E3,D2,B4,F3,F1,F2,B1,C4,E4,C3,E1,D3,E2,F4,D5,A5,F5,A4,B3,C1,B2,A2,E5
2008-06-27,,61,33,34,35,36,48,38,39,40,46,58,43,41,55,56,53,54,59,51,45,47,60,24,25,26,27,44,57,30,52,23,,,D1,C2,D4,B5,C6,A6,A3,A1,E3,D2,B4,F3,F1,F2,B1,C4,E4,C3,E1,D3,E2,F4,D5,A5,F5,A4,B3,C1,B2,A2,E5
2008-06-28,,61,33,34,35,36,48,38,39,40,46,58,43,41,55,56,53,54,59,51,45,47,60,24,25,26,27,44,57,30,52,23,,,D1,C2,D4,B5,C6,A6,A3,A1,E3,D2,B4,F3,F1,F2,B1,C4,E4,C3,E1,D3,E2,F4,D5,A5,F5,A4,B3,C1,B2,A2,E5
2008-06-29,,61,33,34,35,36,48,38,39,40,46,58,43,41,55,56,53,54,59,51,45,47,60,24,25,26,27,44,57,30,52,23,,,D1,C2,D4,B5,C6,A6,A3,A1,E3,D2,B4,F3,F1,F2,B1,C4,E4,C3,E1,D3,E2,F4,D5,A5,F5,A4,B3,C1,B2,A2,E5
2008-06-30,,61,33,34,35,36,48,38,39,40,46,58,43,41,55,56,53,54,59,51,45,47,60,24,25,26,27,44,57,30,52,23,,,D1,C2,D4,B5,C6,A6,A3,A1,E3,D2,B4,F3,F1,F2,B1,C4,E4,C3,E1,D3,E2,F4,D5,A5,F5,A4,B3,C1,B2,A2,E5
2008-07-01,,61,33,34,35,36,48,38,39,40,46,58,43,41,55,56,53,54,59,51,45,47,60,24,25,26,27,44,57,30,52,23,,,D1,C2,D4,B5,C6,A6,A3,A1,E3,D2,B4,F3,F1,F2,B1,C4,E4,C3,E1,D3,E2,F4,D5,A5,F5,A4,B3,C1,B2,A2,E5
2008-07-02,,61,33,34,35,36,48,38,39,40,46,58,43,41,55,56,53,54,59,51,45,47,60,24,25,26,27,44,57,30,52,23,,,D1,C2,D4,B5,C6,A6,A3,A1,E3,D2,B4,F3,F1,F2,B1,C4,E4,C3,E1,D3,E2,F4,D5,A5,F5,A4,B3,C1,B2,A2,E5
2008-07-03,,61,33,34,35,36,48,38,39,40,46,58,43,41,55,56,53,54,59,51,45,47,60,24,25,26,27,44,57,30,52,23,,,D1,C2,D4,B5,C6,A6,A3,A1,E3,D2,B4,F3,F1,F2,B1,C4,E4,C3,E1,D3,E2,F4,D5,A5,F5,A4,B3,C1,B2,A2,E5
2008-07-04,,61,33,34,35,36,48,38,39,40,46,58,43,41,55,56,53,54,59,51,45,47,60,24,25,26,27,44,57,30,52,23,,,D1,C2,D4,B5,C6,A6,A3,A1,E3,D2,B4,F3,F1,F2,B1,C4,E4,C3,E1,D3,E2,F4,D5,A5,F5,A4,B3,C1,B2,A2,E5
2008-07-05,,61,33,34,35,36,48,38,39,40,46,58,43,41,55,56,53,54,59,51,45,47,60,24,25,26,27,44,57,30,52,23,,,D1,C2,D4,B5,C6,A6,A3,A1,E3,D2,B4,F3,F1,F2,B1,C4,E4,C3,E1,D3,E2,F4,D5,A5,F5,A4,B3,C1,B2,A2,E5
2008-07-06,,61,33,34,35,36,48,38,39,40,46,58,43,41,55,56,53,54,59,51,45,47,60,24,25,26,27,44,57,30,52,23,,,D1,C2,D4,B5,C6,A6,A3,A1,E3,D2,B4,F3,F1,F2,B1,C4,E4,C3,E1,D3,E2,F4,D5,A5,F5,A4,B3,C1,B2,A2,E5
2008-07-07,,61,33,34,35,36,48,38,39,40,46,58,43,41,55,56,53,54,59,51,45,47,60,24,25,26,27,44,57,30,52,23,,,D1,C2,D4,B5,C6,A6,A3,A1,E3,D2,B4,F3,F1,F2,B1,C4,E4,C3,E1,D3,E2,F4,D5,A5,F5,A4,B3,C1,B2,A2,E5
2008-07-08,,61,33,34,35,36,48,38,39,40,46,58,43,41,55,56,53,54,59,51,45,47,60,24,25,26,27,44,57,30,52,23,,,D1,C2,D4,B5,C6,A6,A3,A1,E3,D2,B4,F3,F1,F2,B1,C4,E4,C3,E1,D3,E2,F4,D5,A5,F5,A4,B3,C1,B2,A2,E5
2008-07-09,,61,33,34,35,36,48,38,39,40,46,58,43,41,55,56,53,54,59,51,45,47,60,24,25,26,27,44,57,30,52,23,,,D1,C2,D4,B5,C6,A6,A3,A1,E3,D2,B4,F3,F1,F2,B1,C4,E4,C3,E1,D3,E2,F4,D5,A5,F5,A4,B3,C1,B2,A2,E5
2008-07-10,,61,33,34,35,36,48,38,39,40,46,58,43,41,55,56,53,54,59,51,45,47,60,24,25,26,27,44,57,30,52,23,,,D1,C2,D4,B5,C6,A6,A3,A1,E3,D2,B4,F3,F1,F2,B1,C4,E4,C3,E1,D3,E2,F4,D5,A5,F5,A4,B3,C1,B2,A2,E5
2008-07-11,,61,33,34,35,36,48,38,39,40,46,58,43,41,55,56,53,54,59,51,45,47,60,24,25,26,27,44,57,30,52,23,,,D1,C2,D4,B5,C6,A6,A3,A1,E3,D2,B4,F3,F1,F2,B1,C4,E4,C3,E1,D3,E2,F4,D5,A5,F5,A4,B3,C1,B2,A2,E5
2008-07-12,,61,33,34,35,36,48,38,39,40,46,58,43,41,55,56,53,54,59,51,45,47,60,24,25,26,27,44,57,30,52,23,,,D1,C2,D4,B5,C6,A6,A3,A1,E3,D2,B4,F3,F1,F2,B1,C4,E4,C3,E1,D3,E2,F4,D5,A5,F5,A4,B3,C1,B2,A2,E5
2008-07-13,,61,33,34,35,36,48,38,39,40,46,58,43,41,55,56,53,54,59,51,45,47,60,24,25,26,27,44,57,30,52,23,,,D1,C2,D4,B5,C6,A6,A3,A1,E3,D2,B4,F3,F1,F2,B1,C4,E4,C3,E1,D3,E2,F4,D5,A5,F5,A4,B3,C1,B2,A2,E5
2008-07-14,,61,33,34,35,36,48,38,39,40,46,58,43,41,55,56,53,54,59,51,45,47,60,24,25,26,27,44,57,30,52,23,,,D1,C2,D4,B5,C6,A6,A3,A1,E3,D2,B4,F3,F1,F2,B1,C4,E4,C3,E1,D3,E2,F4,D5,A5,F5,A4,B3,C1,B2,A2,E5
2008-07-15,,61,33,34,35,36,48,38,39,40,46,58,43,41,55,56,53,54,59,51,45,47,60,24,25,26,27,44,57,30,52,23,,,D1,C2,D4,B5,C6,A6,A3,A1,E3,D2,B4,F3,F1,F2,B1,C4,E4,C3,E1,D3,E2,F4,D5,A5,F5,A4,B3,C1,B2,A2,E5
2008-07-16,,61,33,34,35,36,48,38,39,40,46,58,43,41,55,56,53,54,59,51,45,47,60,24,25,26,27,44,57,30,52,23,,,D1,C2,D4,B5,C6,A6,A3,A1,E3,D2,B4,F3,F1,F2,B1,C4,E4,C3,E1,D3,E2,F4,D5,A5,F5,A4,B3,C1,B2,A2,E5
2008-07-17,,61,33,34,35,36,48,38,39,40,46,58,43,41,55,56,53,54,59,51,45,47,60,24,25,26,27,44,57,30,52,23,,,D1,C2,D4,B5,C6,A6,A3,A1,E3,D2,B4,F3,F1,F2,B1,C4,E4,C3,E1,D3,E2,F4,D5,A5,F5,A4,B3,C1,B2,A2,E5
2008-07-18,,61,33,34,35,36,48,38,39,40,46,58,43,41,55,56,53,54,59,51,45,47,60,24,25,26,27,44,57,30,52,23,,,D1,C2,D4,B5,C6,A6,A3,A1,E3,D2,B4,F3,F1,F2,B1,C4,E4,C3,E1,D3,E2,F4,D5,A5,F5,A4,B3,C1,B2,A2,E5
2008-07-19,,61,33,34,35,36,48,38,39,40,46,58,43,41,55,56,53,54,59,51,45,47,60,24,25,26,27,44,57,30,52,23,,,D1,C2,D4,B5,C6,A6,A3,A1,E3,D2,B4,F3,F1,F2,B1,C4,E4,C3,E1,D3,E2,F4,D5,A5,F5,A4,B3,C1,B2,A2,E5
2008-07-20,,61,33,34,35,36,48,38,39,40,46,58,43,41,55,56,53,54,59,51,45,47,60,24,25,26,27,44,57,30,52,23,,,D1,C2,D4,B5,C6,A6,A3,A1,E3,D2,B4,F3,F1,F2,B1,C4,E4,C3,E1,D3,E2,F4,D5,A5,F5,A4,B3,C1,B2,A2,E5
2008-07-21,,61,33,34,35,36,48,38,39,40,46,58,43,41,55,56,53,54,59,51,45,47,60,24,25,26,27,44,57,30,52,23,,,D1,C2,D4,B5,C6,A6,A3,A1,E3,D2,B4,F3,F1,F2,B1,C4,E4,C3,E1,D3,E2,F4,D5,A5,F5,A4,B3,C1,B2,A2,E5
2008-07-22,,61,33,34,35,36,48,38,39,40,46,58,43,41,55,56,53,54,59,51,45,47,60,24,25,26,27,44,57,30,52,23,,,D1,C2,D4,B5,C6,A6,A3,A1,E3,D2,B4,F3,F1,F2,B1,C4,E4,C3,E1,D3,E2,F4,D5,A5,F5,A4,B3,C1,B2,A2,E5
2008-07-23,,61,33,34,35,36,48,38,39,40,46,58,43,41,55,56,53,54,59,51,45,47,60,24,25,26,27,44,57,30,52,23,,,D1,C2,D4,B5,C6,A6,A3,A1,E3,D2,B4,F3,F1,F2,B1,C4,E4,C3,E1,D3,E2,F4,D5,A5,F5,A4,B3,C1,B2,A2,E5
2008-07-24,,61,33,34,35,36,48,38,39,40,46,58,43,41,55,56,53,54,59,51,45,47,60,24,25,26,27,44,57,30,52,23,,,D1,C2,D4,B5,C6,A6,A3,A1,E3,D2,B4,F3,F1,F2,B1,C4,E4,C3,E1,D3,E2,F4,D5,A5,F5,A4,B3,C1,B2,A2,E5
2008-07-25,,61,33,34,35,36,48,38,39,40,46,58,43,41,55,56,53,54,59,51,45,47,60,24,25,26,27,44,57,30,52,23,,,D1,C2,D4,B5,C6,A6,A3,A1,E3,D2,B4,F3,F1,F2,B1,C4,E4,C3,E1,D3,E2,F4,D5,A5,F5,A4,B3,C1,B2,A2,E5
2008-07-26,,61,33,34,35,36,48,38,39,40,46,58,43,41,55,56,53,54,59,51,45,47,60,24,25,26,27,44,57,30,52,23,,,D1,C2,D4,B5,C6,A6,A3,A1,E3,D2,B4,F3,F1,F2,B1,C4,E4,C3,E1,D3,E2,F4,D5,A5,F5,A4,B3,C1,B2,A2,E5
2008-07-27,,61,33,34,35,36,48,38,39,40,46,58,43,41,55,56,53,54,59,51,45,47,60,24,25,26,27,44,57,30,52,23,,,D1,C2,D4,B5,C6,A6,A3,A1,E3,D2,B4,F3,F1,F2,B1,C4,E4,C3,E1,D3,E2,F4,D5,A5,F5,A4,B3,C1,B2,A2,E5
2008-07-28,,61,33,34,35,36,48,38,39,40,46,58,43,41,55,56,53,54,59,51,45,47,60,24,25,26,27,44,57,30,52,23,,,D1,C2,D4,B5,C6,A6,A3,A1,E3,D2,B4,F3,F1,F2,B1,C4,E4,C3,E1,D3,E2,F4,D5,A5,F5,A4,B3,C1,B2,A2,E5
2008-07-29,,61,33,34,35,36,48,38,39,40,46,58,43,41,55,56,53,54,59,51,45,47,60,24,25,26,27,44,57,30,52,23,,,D1,C2,D4,B5,C6,A6,A3,A1,E3,D2,B4,F3,F1,F2,B1,C4,E4,C3,E1,D3,E2,F4,D5,A5,F5,A4,B3,C1,B2,A2,E5
2008-07-30,,61,33,34,35,36,48,38,39,40,46,58,43,41,55,56,53,54,59,51,45,47,60,24,25,26,27,44,57,30,52,23,,,D1,C2,D4,B5,C6,A6,A3,A1,E3,D2,B4,F3,F1,F2,B1,C4,E4,C3,E1,D3,E2,F4,D5,A5,F5,A4,B3,C1,B2,A2,E5
2008-07-31,,61,33,34,35,36,48,38,39,40,46,58,43,41,55,56,53,54,59,51,45,47,60,24,25,26,27,44,57,30,52,23,,,D1,C2,D4,B5,C6,A6,A3,A1,E3,D2,B4,F3,F1,F2,B1,C4,E4,C3,E1,D3,E2,F4,D5,A5,F5,A4,B3,C1,B2,A2,E5
2008-08-01,,61,33,34,35,36,48,38,39,40,46,58,43,41,55,56,53,54,59,51,45,47,60,24,25,26,27,44,57,30,52,23,,,D1,C2,D4,B5,C6,A4,A3,A1,E3,D2,B4,F3,F1,F2,B1,C4,E4,C3,E1,D3,E2,F4,D5,A5,F5,A4,B3,C1,B2,A2,E5
2008-08-02,,61,33,34,35,36,48,38,39,40,46,58,43,41,55,56,53,54,59,51,45,47,60,24,25,26,27,44,57,30,52,23,,,D1,C2,D4,B5,C6,A4,A3,A1,E3,D2,B4,F3,F1,F2,B1,C4,E4,C3,E1,D3,E2,F4,D5,A5,F5,A4,B3,C1,B2,A2,E5
2008-08-03,,61,33,34,35,36,48,38,39,40,46,58,43,41,55,56,53,54,59,51,45,47,60,24,25,26,27,44,57,30,52,23,,,D1,C2,D4,B5,C6,A4,A3,A1,E3,D2,B4,F3,F1,F2,B1,C4,E4,C3,E1,D3,E2,F4,D5,A5,F5,A4,B3,C1,B2,A2,E5
2008-08-04,,61,33,34,35,36,48,38,39,40,46,58,43,41,55,56,53,54,59,51,45,47,60,24,25,26,27,44,57,30,52,23,,,D1,C2,D4,B5,C6,A4,A3,A1,E3,D2,B4,F3,F1,F2,B1,C4,E4,C3,E1,D3,E2,F4,D5,A5,F5,A4,B3,C1,B2,A2,E5
2008-08-05,,61,33,34,35,36,48,38,39,40,46,58,43,41,55,56,53,54,59,51,45,47,60,24,25,26,27,44,57,30,52,23,,,D1,C2,D4,B5,C6,A4,A3,A1,E3,D2,B4,F3,F1,F2,B1,C4,E4,C3,E1,D3,E2,F4,D5,A5,F5,A4,B3,C1,B2,A2,E5
2008-08-06,,61,33,34,35,36,48,38,39,40,46,58,43,41,55,56,53,54,59,51,45,47,60,24,25,26,27,44,57,30,52,23,,,D1,C2,D4,B5,C6,A4,A3,A1,E3,D2,B4,F3,F1,F2,B1,C4,E4,C3,E1,D3,E2,F4,D5,A5,F5,A4,B3,C1,B2,A2,E5
2008-08-07,,61,33,34,35,36,48,38,39,40,46,58,43,41,55,56,53,54,59,51,45,47,60,24,25,26,27,44,57,30,52,23,,,D1,C2,D4,B5,C6,A4,A3,A1,E3,D2,B4,F3,F1,F2,B1,C4,E4,C3,E1,D3,E2,F4,D5,A5,F5,A4,B3,C1,B2,A2,E5
2008-08-08,,61,33,34,35,36,48,38,39,40,46,58,43,41,55,56,53,54,59,51,45,47,60,24,25,26,27,44,57,30,52,23,,,D1,C2,D4,B5,C6,A4,A3,A1,E3,D2,B4,F3,F1,F2,B1,C4,E4,C3,E1,D3,E2,F4,D5,A5,F5,A4,B3,C1,B2,A2,E5
2008-08-09,,61,33,34,35,36,48,38,39,40,46,58,43,41,55,56,53,54,59,51,45,47,60,24,25,26,27,44,57,30,52,23,,,D1,C2,D4,B5,C6,A4,A3,A1,E3,D2,B4,F3,F1,F2,B1,C4,E4,C3,E1,D3,E2,F4,D5,A5,F5,A4,B3,C1,B2,A2,E5
2008-08-10,,61,33,34,35,36,48,38,39,40,46,58,43,41,55,56,53,54,59,51,45,47,60,24,25,26,27,44,57,30,52,23,,,D1,C2,D4,B5,C6,A4,A3,A1,E3,D2,B4,F3,F1,F2,B1,C4,E4,C3,E1,D3,E2,F4,D5,A5,F5,A4,B3,C1,B2,A2,E5
2008-08-11,,61,33,34,35,36,48,38,39,40,46,58,43,41,55,56,53,54,59,51,45,47,60,24,25,26,27,44,57,30,52,23,,,D1,C2,D4,B5,C6,A4,A3,A1,E3,D2,B4,F3,F1,F2,B1,C4,E4,C3,E1,D3,E2,F4,D5,A5,F5,A4,B3,C1,B2,A2,E5
2008-08-12,,61,33,34,35,36,48,38,39,40,46,58,43,41,55,56,53,54,59,51,45,47,60,24,25,26,27,44,57,30,52,23,,,D1,C2,D4,B5,C6,A4,A3,A1,E3,D2,B4,F3,F1,F2,B1,C4,E4,C3,E1,D3,E2,F4,D5,A5,F5,A4,B3,C1,B2,A2,E5
2008-08-13,,61,33,34,35,36,48,38,39,40,46,58,43,41,55,56,53,54,59,51,45,47,60,24,25,26,27,44,57,30,52,23,,,D1,C2,D4,B5,C6,A4,A3,A1,E3,D2,B4,F3,F1,F2,B1,C4,E4,C3,E1,D3,E2,F4,D5,A5,F5,A4,B3,C1,B2,A2,E5
2008-08-14,,61,33,34,35,36,48,38,39,40,46,58,43,41,55,56,53,54,59,51,45,47,60,24,25,26,27,44,57,30,52,23,,,D1,C2,D4,B5,C6,A4,A3,A1,E3,D2,B4,F3,F1,F2,B1,C4,E4,C3,E1,D3,E2,F4,D5,A5,F5,A4,B3,C1,B2,A2,E5
2008-08-15,,61,33,34,35,36,48,38,39,40,46,58,43,41,55,56,53,54,59,51,45,47,60,24,25,26,27,44,57,30,52,23,,,D1,C2,D4,B5,C6,A4,A3,A1,E3,D2,B4,F3,F1,F2,B1,C4,E4,C3,E1,D3,E2,F4,D5,A5,F5,A4,B3,C1,B2,A2,E5
2008-08-16,,61,33,34,35,36,48,38,39,40,46,58,43,41,55,56,53,54,59,51,45,47,60,24,25,26,27,44,57,30,52,23,,,D1,C2,D4,B5,C6,A4,A3,A1,E3,D2,B4,F3,F1,F2,B1,C4,E4,C3,E1,D3,E2,F4,D5,A5,F5,A4,B3,C1,B2,A2,E5
2008-08-17,,61,33,34,35,36,48,38,39,40,46,58,43,41,55,56,53,54,59,51,45,47,60,24,25,26,27,44,57,30,52,23,,,D1,C2,D4,B5,C6,A4,A3,A1,E3,D2,B4,F3,F1,F2,B1,C4,E4,C3,E1,D3,E2,F4,D5,A5,F5,A4,B3,C1,B2,A2,E5
2008-08-18,,61,33,34,35,36,48,38,39,40,46,58,43,41,55,56,53,54,59,51,45,47,60,24,25,26,27,44,57,30,52,23,,,D1,C2,D4,B5,C6,A4,A3,A1,E3,D2,B4,F3,F1,F2,B1,C4,E4,C3,E1,D3,E2,F4,D5,A5,F5,A4,B3,C1,B2,A2,E5
2008-08-19,,61,33,34,35,36,48,38,39,40,46,58,43,41,55,56,53,54,59,51,45,47,60,24,25,26,27,44,57,30,52,23,,,D1,C2,D4,B5,C6,A4,A3,A1,E3,D2,B4,F3,F1,F2,B1,C4,E4,C3,E1,D3,E2,F4,D5,A5,F5,A4,B3,C1,B2,A2,E5
2008-08-20,,61,33,34,35,36,48,38,39,40,46,58,43,41,55,56,53,54,59,51,45,47,60,24,25,26,27,44,57,30,52,23,,,D1,C2,D4,B5,C6,A4,A3,A1,E3,D2,B4,F3,F1,F2,B1,C4,E4,C3,E1,D3,E2,F4,D5,A5,F5,A4,B3,C1,B2,A2,E5
2008-08-21,,61,33,34,35,36,48,38,39,40,46,58,43,41,55,56,53,54,59,51,45,47,60,24,25,26,27,44,57,30,52,23,,,D1,C2,D4,B5,C6,A4,A3,A1,E3,D2,B4,F3,F1,F2,B1,C4,E4,C3,E1,D3,E2,F4,D5,A5,F5,A4,B3,C1,B2,A2,E5
2008-08-22,,61,33,34,35,36,48,38,39,40,46,58,43,41,55,56,53,54,59,51,45,47,60,24,25,26,27,44,57,30,52,23,,,D1,C2,D4,B5,C6,A4,A3,A1,E3,D2,B4,F3,F1,F2,B1,C4,E4,C3,E1,D3,E2,F4,D5,A5,F5,A4,B3,C1,B2,A2,E5
2008-08-23,,61,33,34,35,36,48,38,39,40,46,58,43,41,55,56,53,54,59,51,45,47,60,24,25,26,27,44,57,30,52,23,,,D1,C2,D4,B5,C6,A4,A3,A1,E3,D2,B4,F3,F1,F2,B1,C4,E4,C3,E1,D3,E2,F4,D5,A5,F5,A4,B3,C1,B2,A2,E5
2008-08-24,,61,33,34,35,36,48,38,39,40,46,58,43,41,55,56,53,54,59,51,45,47,60,24,25,26,27,44,57,30,52,23,,,D1,C2,D4,B5,C6,A4,A3,A1,E3,D2,B4,F3,F1,F2,B1,C4,E4,C3,E1,D3,E2,F4,D5,A5,F5,A4,B3,C1,B2,A2,E5
2008-08-25,,61,33,34,35,36,48,38,39,40,46,58,43,41,55,56,53,54,59,51,45,47,60,24,25,26,27,44,57,30,52,23,,,D1,C2,D4,B5,C6,A4,A3,A1,E3,D2,B4,F3,F1,F2,B1,C4,E4,C3,E1,D3,E2,F4,D5,A5,F5,A4,B3,C1,B2,A2,E5
2008-08-26,,61,33,34,35,36,48,38,39,40,46,58,43,41,55,56,53,54,59,51,45,47,60,24,25,26,27,44,57,30,52,23,,,D1,C2,D4,B5,C6,A4,A3,A1,E3,D2,B4,F3,F1,F2,B1,C4,E4,C3,E1,D3,E2,F4,D5,A5,F5,A4,B3,C1,B2,A2,E5
2008-08-27,,61,33,34,35,36,48,38,39,40,46,58,43,41,55,56,53,54,59,51,45,47,60,24,25,26,27,44,57,30,52,23,,,D1,C2,D4,B5,C6,A4,A3,A1,E3,D2,B4,F3,F1,F2,B1,C4,E4,C3,E1,D3,E2,F4,D5,A5,F5,A4,B3,C1,B2,A2,E5
2008-08-28,,61,33,34,35,36,48,38,39,40,46,58,43,41,55,56,53,54,59,51,45,47,60,24,25,26,27,44,57,30,52,23,,,D1,C2,D4,B5,C6,A4,A3,A1,E3,D2,B4,F3,F1,F2,B1,C4,E4,C3,E1,D3,E2,F4,D5,A5,F5,A4,B3,C1,B2,A2,E5
2008-08-29,,61,33,34,35,36,48,38,39,40,46,58,43,41,55,56,53,54,59,51,45,47,60,24,25,26,27,44,57,30,52,23,,,D1,C2,D4,B5,C6,A4,A3,A1,E3,D2,B4,F3,F1,F2,B1,C4,E4,C3,E1,D3,E2,F4,D5,A5,F5,A4,B3,C1,B2,A2,E5
2008-08-30,,61,33,34,35,36,48,38,39,40,46,58,43,41,55,56,53,54,59,51,45,47,60,24,25,26,27,44,57,30,52,23,,,D1,C2,D4,B5,C6,A4,A3,A1,E3,D2,B4,F3,F1,F2,B1,C4,E4,C3,E1,D3,E2,F4,D5,A5,F5,A4,B3,C1,B2,A2,E5
2008-08-31,,61,33,34,35,36,48,38,39,40,46,58,43,41,55,56,53,54,59,51,45,47,60,24,25,26,27,44,57,30,52,23,,,D1,C2,D4,B5,C6,A4,A3,A1,E3,D2,B4,F3,F1,F2,B1,C4,E4,C3,E1,D3,E2,F4,D5,A5,F5,A4,B3,C1,B2,A2,E5
2008-09-01,,61,33,34,35,36,48,38,39,40,46,58,43,41,55,56,53,54,59,51,45,47,60,24,25,26,27,44,57,30,52,23,,,D1,C2,D4,B5,C6,A4,A3,A1,E3,D2,B4,F3,F1,F2,B1,C4,E4,C3,E1,D3,E2,F4,D5,A5,F5,A4,B3,C1,B2,A2,E5
2008-09-02,,61,33,34,35,36,48,38,39,40,46,58,43,41,55,56,53,54,59,51,45,47,60,24,25,26,27,44,57,30,52,23,,,D1,C2,D4,B5,C6,A4,A3,A1,E3,D2,B4,F3,F1,F2,B1,C4,E4,C3,E1,D3,E2,F4,D5,A5,F5,A4,B3,C1,B2,A2,E5
2008-09-03,,61,33,34,35,36,48,38,39,40,46,58,43,41,55,56,53,54,59,51,45,47,60,24,25,26,27,44,57,30,52,23,,,D1,C2,D4,B5,C6,A4,A3,A1,E3,D2,B4,F3,F1,F2,B1,C4,E4,C3,E1,D3,E2,F4,D5,A5,F5,A4,B3,C1,B2,A2,E5
2008-09-04,,61,33,34,35,36,48,38,39,40,46,58,43,41,55,56,53,54,59,51,45,47,60,24,25,26,27,44,57,30,52,23,,,D1,C2,D4,B5,C6,A4,A3,A1,E3,D2,B4,F3,F1,F2,B1,C4,E4,C3,E1,D3,E2,F4,D5,A5,F5,A4,B3,C1,B2,A2,E5
2008-09-05,,61,33,34,35,36,48,38,39,40,46,58,43,41,55,56,53,54,59,51,45,47,60,24,25,26,27,44,57,30,52,23,,,D1,C2,D4,B5,C6,A4,A3,A1,E3,D2,B4,F3,F1,F2,B1,C4,E4,C3,E1,D3,E2,F4,D5,A5,F5,A4,B3,C1,B2,A2,E5
2008-09-06,,61,33,34,35,36,48,38,39,40,46,58,43,41,55,56,53,54,59,51,45,47,60,24,25,26,27,44,57,30,52,23,,,D1,C2,D4,B5,C6,A4,A3,A1,E3,D2,B4,F3,F1,F2,B1,C4,E4,C3,E1,D3,E2,F4,D5,A5,F5,A4,B3,C1,B2,A2,E5
2008-09-07,,61,33,34,35,36,48,38,39,40,46,58,43,41,55,56,53,54,59,51,45,47,60,24,25,26,27,44,57,30,52,23,,,D1,C2,D4,B5,C6,A4,A3,A1,E3,D2,B4,F3,F1,F2,B1,C4,E4,C3,E1,D3,E2,F4,D5,A5,F5,A4,B3,C1,B2,A2,E5
2008-09-08,,61,33,34,35,36,48,38,39,40,46,58,43,41,55,56,53,54,59,51,45,47,60,24,25,26,27,44,57,30,52,23,,,D1,C2,D4,B5,C6,A4,A3,A1,E3,D2,B4,F3,F1,F2,B1,C4,E4,C3,E1,D3,E2,F4,D5,A5,F5,A4,B3,C1,B2,A2,E5
2008-09-09,,61,33,34,35,36,48,38,39,40,46,58,43,41,55,56,53,54,59,51,45,47,60,24,25,26,27,44,57,30,52,23,,,D1,C2,D4,B5,C6,A4,A3,A1,E3,D2,B4,F3,F1,F2,B1,C4,E4,C3,E1,D3,E2,F4,D5,A5,F5,A4,B3,C1,B2,A2,E5
2008-09-10,,61,33,34,35,36,48,38,39,40,46,58,43,41,55,56,53,54,59,51,45,47,60,24,25,26,27,44,57,30,52,23,,,D1,C2,D4,B5,C6,A4,A3,A1,E3,D2,B4,F3,F1,F2,B1,C4,E4,C3,E1,D3,E2,F4,D5,A5,F5,A4,B3,C1,B2,A2,E5
2008-09-11,,61,33,34,35,36,48,38,39,40,46,58,43,41,55,56,53,54,59,51,45,47,60,24,25,26,27,44,57,30,52,23,,,D1,C2,D4,B5,C6,A4,A3,A1,E3,D2,B4,F3,F1,F2,B1,C4,E4,C3,E1,D3,E2,F4,D5,A5,F5,A4,B3,C1,B2,A2,E5
2008-09-12,,61,33,34,35,36,48,38,39,40,46,58,43,41,55,56,53,54,59,51,45,47,60,24,25,26,27,44,57,30,52,23,,,D1,C2,D4,B5,C6,A4,A3,A1,E3,D2,B4,F3,F1,F2,B1,C4,E4,C3,E1,D3,E2,F4,D5,A5,F5,A4,B3,C1,B2,A2,E5
2008-09-13,,61,33,34,35,36,48,38,39,40,46,58,43,41,55,56,53,54,59,51,45,47,60,24,25,26,27,44,57,30,52,23,,,D1,C2,D4,B5,C6,A4,A3,A1,E3,D2,B4,F3,F1,F2,B1,C4,E4,C3,E1,D3,E2,F4,D5,A5,F5,A4,B3,C1,B2,A2,E5
2008-09-14,,61,33,34,35,36,48,38,39,40,46,58,43,41,55,56,53,54,59,51,45,47,60,24,25,26,27,44,57,30,52,23,,,D1,C2,D4,B5,C6,A4,A3,A1,E3,D2,B4,F3,F1,F2,B1,C4,E4,C3,E1,D3,E2,F4,D5,A5,F5,A4,B3,C1,B2,A2,E5
2008-09-15,,61,33,34,35,36,48,38,39,40,46,58,43,41,55,56,53,54,59,51,45,47,60,24,25,26,27,44,57,30,52,23,,,D1,C2,D4,B5,C6,A4,A3,A1,E3,D2,B4,F3,F1,F2,B1,C4,E4,C3,E1,D3,E2,F4,D5,A5,F5,A4,B3,C1,B2,A2,E5
2008-09-16,,61,33,34,35,36,48,38,39,40,46,58,43,41,55,56,53,54,59,51,45,47,60,24,25,26,27,44,57,30,52,23,,,D1,C2,D4,B5,C6,A4,A3,A1,E3,D2,B4,F3,F1,F2,B1,C4,E4,C3,E1,D3,E2,F4,D5,A5,F5,A4,B3,C1,B2,A2,E5
2008-09-17,,61,33,34,35,36,48,38,39,40,46,58,43,41,55,56,53,54,59,51,45,47,60,24,25,26,27,44,57,30,52,23,,,D1,C2,D4,B5,C6,A4,A3,A1,E3,D2,B4,F3,F1,F2,B1,C4,E4,C3,E1,D3,E2,F4,D5,A5,F5,A4,B3,C1,B2,A2,E5
2008-09-18,,61,33,34,35,36,48,38,39,40,46,58,43,41,55,56,53,54,59,51,45,47,60,24,25,26,27,44,57,30,52,23,,,D1,C2,D4,B5,C6,A4,A3,A1,E3,D2,B4,F3,F1,F2,B1,C4,E4,C3,E1,D3,E2,F4,D5,A5,F5,A4,B3,C1,B2,A2,E5
2008-09-19,,61,33,34,35,36,48,38,39,40,46,58,43,41,55,56,53,54,59,51,45,47,60,24,25,26,27,44,57,30,52,23,,,D1,C2,D4,B5,C6,A4,A3,A1,E3,D2,B4,F3,F1,F2,B1,C4,E4,C3,E1,D3,E2,F4,D5,A5,F5,A4,B3,C1,B2,A2,E5
2008-09-20,,61,33,34,35,36,48,38,39,40,46,58,43,41,55,56,53,54,59,51,45,47,60,24,25,26,27,44,57,30,52,23,,,D1,C2,D4,B5,C6,A4,A3,A1,E3,D2,B4,F3,F1,F2,B1,C4,E4,C3,E1,D3,E2,F4,D5,A5,F5,A4,B3,C1,B2,A2,E5
2008-09-21,,61,33,34,35,36,48,38,39,40,46,58,43,41,55,56,53,54,59,51,45,47,60,24,25,26,27,44,57,30,52,23,,,D1,C2,D4,B5,C6,A4,A3,A1,E3,D2,B4,F3,F1,F2,B1,C4,E4,C3,E1,D3,E2,F4,D5,A5,F5,A4,B3,C1,B2,A2,E5
2008-09-22,,61,33,34,35,36,48,38,39,40,46,58,43,41,55,56,53,54,59,51,45,47,60,24,25,26,27,44,57,30,52,23,,,D1,C2,D4,B5,C6,A4,A3,A1,E3,D2,B4,F3,F1,F2,B1,C4,E4,C3,E1,D3,E2,F4,D5,A5,F5,A4,B3,C1,B2,A2,E5
2008-09-23,,61,33,34,35,36,48,38,39,40,46,58,43,41,55,56,53,54,59,51,45,47,60,24,25,26,27,44,57,30,52,23,,,D1,C2,D4,B5,C6,A4,A3,A1,E3,D2,B4,F3,F1,F2,B1,C4,E4,C3,E1,D3,E2,F4,D5,A5,F5,A4,B3,C1,B2,A2,E5
2008-09-24,32,61,33,34,35,36,48,38,39,40,46,58,43,41,55,56,53,54,59,51,45,47,60,24,25,26,27,44,57,30,52,23,,,D1,C2,D4,B5,C6,A4,A3,A1,E3,D2,B4,F3,F1,F2,B1,C4,E4,C3,E1,D3,E2,F4,D5,A5,F5,A4,B3,C1,B2,A2,E5
2008-09-25,32,61,33,34,35,36,48,38,39,40,46,58,43,41,55,56,53,54,59,51,45,47,60,24,25,26,27,44,57,30,52,23,,,D1,C2,D4,B5,C6,A4,A3,A1,E3,D2,B4,F3,F1,F2,B1,C4,E4,C3,E1,D3,E2,F4,D5,A5,F5,A4,B3,C1,B2,A2,E5
2008-09-26,32,61,33,34,35,36,48,38,39,40,46,58,43,41,55,56,53,54,59,51,45,47,60,24,25,26,27,44,57,30,52,23,,,D1,C2,D4,B5,C6,A4,A3,A1,E3,D2,B4,F3,F1,F2,B1,C4,E4,C3,E1,D3,E2,F4,D5,A5,F5,A4,B3,C1,B2,A2,E5
2008-09-27,32,61,33,34,35,36,48,38,39,40,46,58,43,41,55,56,53,54,59,51,45,47,60,24,25,26,27,44,57,30,52,23,,,D1,C2,D4,B5,C6,A4,A3,A1,E3,D2,B4,F3,F1,F2,B1,C4,E4,C3,E1,D3,E2,F4,D5,A5,F5,A4,B3,C1,B2,A2,E5
2008-09-28,32,61,33,34,35,36,48,38,39,40,46,58,43,41,55,56,53,54,59,51,45,47,60,24,25,26,27,44,57,30,52,23,,,D1,C2,D4,B5,C6,A4,A3,A1,E3,D2,B4,F3,F1,F2,B1,C4,E4,C3,E1,D3,E2,F4,D5,A5,F5,A4,B3,C1,B2,A2,E5
2008-09-29,32,61,33,34,35,36,48,38,39,40,46,58,43,41,55,56,53,54,59,51,45,47,60,24,25,26,27,44,57,30,52,23,,,D1,C2,D4,B5,C6,A4,A3,A1,E3,D2,B4,F3,F1,F2,B1,C4,E4,C3,E1,D3,E2,F4,D5,A5,F5,A4,B3,C1,B2,A2,E5
2008-09-30,32,61,33,34,35,36,48,38,39,40,46,58,43,41,55,56,53,54,59,51,45,47,60,24,25,26,27,44,57,30,52,23,,,D1,C2,D4,B5,C6,A4,A3,A1,E3,D2,B4,F3,F1,F2,B1,C4,E4,C3,E1,D3,E2,F4,D5,A5,F5,A4,B3,C1,B2,A2,E5
2008-10-01,32,61,33,34,35,36,48,38,39,40,46,58,43,41,55,56,53,54,59,51,45,47,60,24,25,26,27,44,57,30,52,23,,,D1,C2,D4,B5,C6,A4,A3,A1,E3,D2,B4,F3,F1,F2,B1,C4,E4,C3,E1,D3,E2,F4,D5,A5,F5,A4,B3,C1,B2,A2,E5
2008-10-02,32,61,33,34,35,36,48,38,39,40,46,58,43,41,55,56,53,54,59,51,45,47,60,24,25,26,27,44,57,30,52,23,,,D1,C2,D4,B5,C6,A4,A3,A1,E3,D2,B4,F3,F1,F2,B1,C4,E4,C3,E1,D3,E2,F4,D5,A5,F5,A4,B3,C1,B2,A2,E5
2008-10-03,32,61,33,34,35,36,48,38,39,40,46,58,43,41,55,56,53,54,59,51,45,47,60,24,25,26,27,44,57,30,52,23,,,D1,C2,D4,B5,C6,A4,A3,A1,E3,D2,B4,F3,F1,F2,B1,C4,E4,C3,E1,D3,E2,F4,D5,A5,F5,A4,B3,C1,B2,A2,E5
2008-10-04,32,61,33,34,35,36,48,38,39,40,46,58,43,41,55,56,53,54,59,51,45,47,60,24,25,26,27,44,57,30,52,23,,,D1,C2,D4,B5,C6,A4,A3,A1,E3,D2,B4,F3,F1,F2,B1,C4,E4,C3,E1,D3,E2,F4,D5,A5,F5,A4,B3,C1,B2,A2,E5
2008-10-05,32,61,33,34,35,36,48,38,39,40,46,58,43,41,55,56,53,54,59,51,45,47,60,24,25,26,27,44,57,30,52,23,,,D1,C2,D4,B5,C6,A4,A3,A1,E3,D2,B4,F3,F1,F2,B1,C4,E4,C3,E1,D3,E2,F4,D5,A5,F5,A4,B3,C1,B2,A2,E5
2008-10-06,32,61,33,34,35,36,48,38,39,40,46,58,43,41,55,56,53,54,59,51,45,47,60,24,25,26,27,44,57,30,52,23,,,D1,C2,D4,B5,C6,A4,A3,A1,E3,D2,B4,F3,F1,F2,B1,C4,E4,C3,E1,D3,E2,F4,D5,A5,F5,A4,B3,C1,B2,A2,E5
2008-10-07,32,61,33,34,35,36,48,38,39,40,46,58,43,41,55,56,53,54,59,51,45,47,60,24,25,26,27,44,57,30,52,23,,,D1,C2,D4,B5,C6,A4,A3,A1,E3,D2,B4,F3,F1,F2,B1,C4,E4,C3,E1,D3,E2,F4,D5,A5,F5,A4,B3,C1,B2,A2,E5
2008-10-08,32,61,33,34,35,36,48,38,39,40,46,58,43,41,55,56,53,54,59,51,45,47,60,24,25,26,27,44,57,30,52,23,,,D1,C2,D4,B5,C6,A4,A3,A1,E3,D2,B4,F3,F1,F2,B1,C4,E4,C3,E1,D3,E2,F4,D5,A5,F5,A4,B3,C1,B2,A2,E5
2008-10-09,32,61,33,34,35,36,48,38,39,40,46,58,43,41,55,56,53,54,59,51,45,47,60,24,25,26,27,44,57,30,52,23,,,D1,C2,D4,B5,C6,A4,A3,A1,E3,D2,B4,F3,F1,F2,B1,C4,E4,C3,E1,D3,E2,F4,D5,A5,F5,A4,B3,C1,B2,A2,E5
2008-10-10,32,61,33,34,35,36,48,38,39,40,46,58,43,41,55,56,53,54,59,51,45,47,60,24,25,26,27,44,57,30,52,23,,,D1,C2,D4,B5,C6,A4,A3,A1,E3,D2,B4,F3,F1,F2,B1,C4,E4,C3,E1,D3,E2,F4,D5,A5,F5,A4,B3,C1,B2,A2,E5
2008-10-11,32,61,33,34,35,36,48,38,39,40,46,58,43,41,55,56,53,54,59,51,45,47,60,24,25,26,27,44,57,30,52,23,,,D1,C2,D4,B5,C6,A4,A3,A1,E3,D2,B4,F3,F1,F2,B1,C4,E4,C3,E1,D3,E2,F4,D5,A5,F5,A4,B3,C1,B2,A2,E5
2008-10-12,32,61,33,34,35,36,48,38,39,40,46,58,43,41,55,56,53,54,59,51,45,47,60,24,25,26,27,44,57,30,52,23,,,D1,C2,D4,B5,C6,A4,A3,A1,E3,D2,B4,F3,F1,F2,B1,C4,E4,C3,E1,D3,E2,F4,D5,A5,F5,A4,B3,C1,B2,A2,E5
2008-10-13,32,61,33,34,35,36,48,38,39,40,46,58,43,41,55,56,53,54,59,51,45,47,60,24,25,26,27,44,57,30,52,23,,,D1,C2,D4,B5,C6,A4,A3,A1,E3,D2,B4,F3,F1,F2,B1,C4,E4,C3,E1,D3,E2,F4,D5,A5,F5,A4,B3,C1,B2,A2,E5
2008-10-14,32,61,33,34,35,36,48,38,39,40,46,58,43,41,55,56,53,54,59,51,45,47,60,24,25,26,27,44,57,30,52,23,,,D1,C2,D4,B5,C6,A4,A3,A1,E3,D2,B4,F3,F1,F2,B1,C4,E4,C3,E1,D3,E2,F4,D5,A5,F5,A4,B3,C1,B2,A2,E5
2008-10-15,32,61,33,34,35,36,48,38,39,40,46,58,43,41,55,56,53,54,59,51,45,47,60,24,25,26,27,44,57,30,52,23,,,D1,C2,D4,B5,C6,A4,A3,A1,E3,D2,B4,F3,F1,F2,B1,C4,E4,C3,E1,D3,E2,F4,D5,A5,F5,A4,B3,C1,B2,A2,E5
2008-10-16,32,61,33,34,35,36,48,38,39,40,46,58,43,41,55,56,53,54,59,51,45,47,60,24,25,26,27,44,57,30,52,23,,,D1,C2,D4,B5,C6,A4,A3,A1,E3,D2,B4,F3,F1,F2,B1,C4,E4,C3,E1,D3,E2,F4,D5,A5,F5,A4,B3,C1,B2,A2,E5
2008-10-17,,61,33,34,35,36,48,38,39,40,46,58,43,41,55,56,53,54,59,51,45,47,60,24,25,26,27,44,57,30,52,23,,,D1,C2,D4,B5,C6,A4,A3,A1,E3,D2,B4,F3,F1,F2,B1,C4,E4,C3,E1,D3,E2,F4,D5,A5,F5,A4,B3,C1,B2,A2,E5
2008-10-18,,61,33,34,35,36,48,38,39,40,46,58,43,41,55,56,53,54,59,51,45,47,60,24,25,26,27,44,57,30,52,23,,,D1,C2,D4,B5,C6,A4,A3,A1,E3,D2,B4,F3,F1,F2,B1,C4,E4,C3,E1,D3,E2,F4,D5,A5,F5,A4,B3,C1,B2,A2,E5
2008-10-19,,61,33,34,35,36,48,38,39,40,46,58,43,41,55,56,53,54,59,51,45,47,60,24,25,26,27,44,57,30,52,23,,,D1,C2,D4,B5,C6,A4,A3,A1,E3,D2,B4,F3,F1,F2,B1,C4,E4,C3,E1,D3,E2,F4,D5,A5,F5,A4,B3,C1,B2,A2,E5
2008-10-20,,61,33,34,35,36,48,38,39,40,46,58,43,41,55,56,53,54,59,51,45,47,60,24,25,26,27,44,57,30,52,23,,,D1,C2,D4,B5,C6,A4,A3,A1,E3,D2,B4,F3,F1,F2,B1,C4,E4,C3,E1,D3,E2,F4,D5,A5,F5,A4,B3,C1,B2,A2,E5
2008-10-21,,61,33,34,35,36,48,38,39,40,46,58,43,41,55,56,53,54,59,51,45,47,60,24,25,26,27,44,57,30,52,23,,,D1,C2,D4,B5,C6,A4,A3,A1,E3,D2,B4,F3,F1,F2,B1,C4,E4,C3,E1,D3,E2,F4,D5,A5,F5,A4,B3,C1,B2,A2,E5
2008-10-22,,61,33,34,35,36,48,38,39,40,46,58,43,41,55,56,53,54,59,51,45,47,60,24,25,26,27,44,57,30,52,23,,,D1,C2,D4,B5,C6,A4,A3,A1,E3,D2,B4,F3,F1,F2,B1,C4,E4,C3,E1,D3,E2,F4,D5,A5,F5,A4,B3,C1,B2,A2,E5
2008-10-23,37,61,33,34,35,36,48,38,39,40,46,58,43,41,55,56,53,54,59,51,45,47,60,24,25,26,27,44,57,30,52,23,,,D1,C2,D4,B5,C6,A4,A3,A1,E3,D2,B4,F3,F1,F2,B1,C4,E4,C3,E1,D3,E2,F4,D5,A5,F5,A4,B3,C1,B2,A2,E5
2008-10-24,37,61,33,34,35,36,48,38,39,40,46,58,43,41,55,56,53,54,59,51,45,47,60,24,25,26,27,44,57,30,52,23,,,D1,C2,D4,B5,C6,A4,A3,A1,E3,D2,B4,F3,F1,F2,B1,C4,E4,C3,E1,D3,E2,F4,D5,A5,F5,A4,B3,C1,B2,A2,E5
2008-10-25,37,61,33,34,35,36,48,38,39,40,46,58,43,41,55,56,53,54,59,51,45,47,60,24,25,26,27,44,57,30,52,23,,,D1,C2,D4,B5,C6,A4,A3,A1,E3,D2,B4,F3,F1,F2,B1,C4,E4,C3,E1,D3,E2,F4,D5,A5,F5,A4,B3,C1,B2,A2,E5
2008-10-26,37,61,33,34,35,36,48,38,39,40,46,58,43,41,55,56,53,54,59,51,45,47,60,24,25,26,27,44,57,30,52,23,,,D1,C2,D4,B5,C6,A4,A3,A1,E3,D2,B4,F3,F1,F2,B1,C4,E4,C3,E1,D3,E2,F4,D5,A5,F5,A4,B3,C1,B2,A2,E5
2008-10-27,37,61,33,34,35,36,48,38,39,40,46,58,43,41,55,56,53,54,59,51,45,47,60,24,25,26,27,44,57,30,52,23,,,D1,C2,D4,B5,C6,A4,A3,A1,E3,D2,B4,F3,F1,F2,B1,C4,E4,C3,E1,D3,E2,F4,D5,A5,F5,A4,B3,C1,B2,A2,E5
2008-10-28,37,61,33,34,35,36,48,38,39,40,46,58,43,41,55,56,53,54,59,51,45,47,60,24,25,26,27,44,57,30,52,23,,,D1,C2,D4,B5,C6,A4,A3,A1,E3,D2,B4,F3,F1,F2,B1,C4,E4,C3,E1,D3,E2,F4,D5,A5,F5,A4,B3,C1,B2,A2,E5
2008-10-29,37,61,33,34,35,36,48,38,39,40,46,58,43,41,55,56,53,54,59,51,45,47,60,24,25,26,27,44,57,30,52,23,,,D1,C2,D4,B5,C6,A4,A3,A1,E3,D2,B4,F3,F1,F2,B1,C4,E4,C3,E1,D3,E2,F4,D5,A5,F5,A4,B3,C1,B2,A2,E5
2008-10-30,37,61,33,34,35,36,48,38,39,40,46,58,43,41,55,56,53,54,59,51,45,47,60,24,25,26,27,44,57,30,52,23,,,D1,C2,D4,B5,C6,A4,A3,A1,E3,D2,B4,F3,F1,F2,B1,C4,E4,C3,E1,D3,E2,F4,D5,A5,F5,A4,B3,C1,B2,A2,E5
2008-10-31,37,61,33,34,35,36,48,38,39,40,46,58,43,41,55,56,53,54,59,51,45,47,60,24,25,26,27,44,57,30,52,23,,,D1,C2,D4,B5,C6,A4,A3,A1,E3,D2,B4,F3,F1,F2,B1,C4,E4,C3,E1,D3,E2,F4,D5,A5,F5,A4,B3,C1,B2,A2,E5
2008-11-01,37,61,33,34,35,36,48,38,39,40,46,58,43,41,55,56,53,54,59,51,45,47,60,24,25,26,27,44,57,30,52,23,,,D1,C2,D4,B5,C6,A4,A3,A1,E3,D2,B4,F3,F1,F2,B1,C4,E4,C3,E1,D3,E2,F4,D5,A5,F5,A4,B3,C1,B2,A2,E5
2008-11-02,37,61,33,34,35,36,48,38,39,40,46,58,43,41,55,56,53,54,59,51,45,47,60,24,25,26,27,44,57,30,52,23,,,D1,C2,D4,B5,C6,A4,A3,A1,E3,D2,B4,F3,F1,F2,B1,C4,E4,C3,E1,D3,E2,F4,D5,A5,F5,A4,B3,C1,B2,A2,E5
2008-11-03,37,61,33,34,35,36,48,38,39,40,46,58,43,41,55,56,53,54,59,51,45,47,60,24,25,26,27,44,57,30,52,23,,,D1,C2,D4,B5,C6,A4,A3,A1,E3,D2,B4,F3,F1,F2,B1,C4,E4,C3,E1,D3,E2,F4,D5,A5,F5,A4,B3,C1,B2,A2,E5
2008-11-04,37,61,33,34,35,36,48,38,39,40,46,58,43,41,55,56,53,54,59,51,45,47,60,24,25,26,27,44,57,30,52,23,,,D1,C2,D4,B5,C6,A4,A3,A1,E3,D2,B4,F3,F1,F2,B1,C4,E4,C3,E1,D3,E2,F4,D5,A5,F5,A4,B3,C1,B2,A2,E5
2008-11-05,37,61,33,34,35,36,48,38,39,40,46,58,43,41,55,56,53,54,59,51,45,47,60,24,25,26,27,44,57,30,52,23,,,D1,C2,D4,B5,C6,A4,A3,A1,E3,D2,B4,F3,F1,F2,B1,C4,E4,C3,E1,D3,E2,F4,D5,A5,F5,A4,B3,C1,B2,A2,E5
2008-11-06,37,61,33,34,35,36,48,38,39,40,46,58,43,41,55,56,53,54,59,51,45,47,60,24,25,26,27,44,57,30,52,23,,,D1,C2,D4,B5,C6,A4,A3,A1,E3,D2,B4,F3,F1,F2,B1,C4,E4,C3,E1,D3,E2,F4,D5,A5,F5,A4,B3,C1,B2,A2,E5
2008-11-07,37,61,33,34,35,36,48,38,39,40,46,58,43,41,55,56,53,54,59,51,45,47,60,24,25,26,27,44,57,30,52,23,,,D1,C2,D4,B5,C6,A4,A3,A1,E3,D2,B4,F3,F1,F2,B1,C4,E4,C3,E1,D3,E2,F4,D5,A5,F5,A4,B3,C1,B2,A2,E5
2008-11-08,37,61,33,34,35,36,48,38,39,40,46,58,43,41,55,56,53,54,59,51,45,47,60,24,25,26,27,44,57,30,52,23,,,D1,C2,D4,B5,C6,A4,A3,A1,E3,D2,B4,F3,F1,F2,B1,C4,E4,C3,E1,D3,E2,F4,D5,A5,F5,A4,B3,C1,B2,A2,E5
2008-11-09,37,61,33,34,35,36,48,38,39,40,46,58,43,41,55,56,53,54,59,51,45,47,60,24,25,26,27,44,57,30,52,23,,,D1,C2,D4,B5,C6,A4,A3,A1,E3,D2,B4,F3,F1,F2,B1,C4,E4,C3,E1,D3,E2,F4,D5,A5,F5,A4,B3,C1,B2,A2,E5
2008-11-10,37,61,33,34,35,36,48,38,39,40,46,58,43,41,55,56,53,54,59,51,45,47,60,24,25,26,27,44,57,30,52,23,,,D1,C2,D4,B5,C6,A4,A3,A1,E3,D2,B4,F3,F1,F2,B1,C4,E4,C3,E1,D3,E2,F4,D5,A5,F5,A4,B3,C1,B2,A2,E5
2008-11-11,37,61,33,34,35,36,48,38,39,40,46,58,43,41,55,56,53,54,59,51,45,47,60,24,25,26,27,44,57,30,52,23,,,D1,C2,D4,B5,C6,A4,A3,A1,E3,D2,B4,F3,F1,F2,B1,C4,E4,C3,E1,D3,E2,F4,D5,A5,F5,A4,B3,C1,B2,A2,E5
2008-11-12,37,61,33,34,35,36,48,38,39,40,46,58,43,41,55,56,53,54,59,51,45,47,60,24,25,26,27,44,57,30,52,23,,,D1,C2,D4,B5,C6,A4,A3,A1,E3,D2,B4,F3,F1,F2,B1,C4,E4,C3,E1,D3,E2,F4,D5,A5,F5,A4,B3,C1,B2,A2,E5
2008-11-13,37,61,33,34,35,36,48,38,39,40,46,58,43,41,55,56,53,54,59,51,45,47,60,24,25,26,27,44,57,30,52,23,,,D1,C2,D4,B5,C6,A4,A3,A1,E3,D2,B4,F3,F1,F2,B1,C4,E4,C3,E1,D3,E2,F4,D5,A5,F5,A4,B3,C1,B2,A2,E5
2008-11-14,37,61,33,34,35,36,48,38,39,40,46,58,43,41,55,56,53,54,59,51,45,47,60,24,25,26,27,44,57,30,52,23,,,D1,C2,D4,B5,C6,A4,A3,A1,E3,D2,B4,F3,F1,F2,B1,C4,E4,C3,E1,D3,E2,F4,D5,A5,F5,A4,B3,C1,B2,A2,E5
2008-11-15,37,61,33,34,35,36,48,38,39,40,46,58,43,41,55,56,53,54,59,51,45,47,60,24,25,26,27,44,57,30,52,23,,,D1,C2,D4,B5,C6,A4,A3,A1,E3,D2,B4,F3,F1,F2,B1,C4,E4,C3,E1,D3,E2,F4,D5,A5,F5,A4,B3,C1,B2,A2,E5
2008-11-16,37,61,33,34,35,36,48,38,39,40,46,58,43,41,55,56,53,54,59,51,45,47,60,24,25,26,27,44,57,30,52,23,,,D1,C2,D4,B5,C6,A4,A3,A1,E3,D2,B4,F3,F1,F2,B1,C4,E4,C3,E1,D3,E2,F4,D5,A5,F5,A4,B3,C1,B2,A2,E5
2008-11-17,37,61,33,34,35,36,48,38,39,40,46,58,43,41,55,56,53,54,59,51,45,47,60,24,25,26,27,44,57,30,52,23,,,D1,C2,D4,B5,C6,A4,A3,A1,E3,D2,B4,F3,F1,F2,B1,C4,E4,C3,E1,D3,E2,F4,D5,A5,F5,A4,B3,C1,B2,A2,E5
2008-11-18,37,61,33,34,35,36,48,38,39,40,46,58,43,41,55,56,53,54,59,51,45,47,60,24,25,26,27,44,57,30,52,23,,,D1,C2,D4,B5,C6,A4,A3,A1,E3,D2,B4,F3,F1,F2,B1,C4,E4,C3,E1,D3,E2,F4,D5,A5,F5,A4,B3,C1,B2,A2,E5
2008-11-19,37,61,33,34,35,36,48,38,39,40,46,58,43,41,55,56,53,54,59,51,45,47,60,24,25,26,27,44,57,30,52,23,,,D1,C2,D4,B5,C6,A4,A3,A1,E3,D2,B4,F3,F1,F2,B1,C4,E4,C3,E1,D3,E2,F4,D5,A5,F5,A4,B3,C1,B2,A2,E5
2008-11-20,37,61,33,34,35,36,48,38,39,40,46,58,43,41,55,56,53,54,59,51,45,47,60,24,25,26,27,44,57,30,52,23,,,D1,C2,D4,B5,C6,A4,A3,A1,E3,D2,B4,F3,F1,F2,B1,C4,E4,C3,E1,D3,E2,F4,D5,A5,F5,A4,B3,C1,B2,A2,E5
2008-11-21,37,61,33,34,35,36,48,38,39,40,46,58,43,41,55,56,53,54,59,51,45,47,60,24,25,26,27,44,57,30,52,23,,,D1,C2,D4,B5,C6,A4,A3,A1,E3,D2,B4,F3,F1,F2,B1,C4,E4,C3,E1,D3,E2,F4,D5,A5,F5,A4,B3,C1,B2,A2,E5
2008-11-22,37,61,33,34,35,36,48,38,39,40,46,58,43,41,55,56,53,54,59,51,45,47,60,24,25,26,27,44,57,30,52,23,,,D1,C2,D4,B5,C6,A4,A3,A1,E3,D2,B4,F3,F1,F2,B1,C4,E4,C3,E1,D3,E2,F4,D5,A5,F5,A4,B3,C1,B2,A2,E5
2008-11-23,37,61,33,34,35,36,48,38,39,40,46,58,43,41,55,56,53,54,59,51,45,47,60,24,25,26,27,44,57,30,52,23,,,D1,C2,D4,B5,C6,A4,A3,A1,E3,D2,B4,F3,F1,F2,B1,C4,E4,C3,E1,D3,E2,F4,D5,A5,F5,A6,B3,C1,B2,A2,E5
2008-11-24,37,61,33,34,35,36,48,38,39,40,46,58,43,41,55,56,53,54,59,51,45,47,60,24,25,26,27,44,57,30,52,23,,,D1,C2,D4,B5,C6,A4,A3,A1,E3,D2,B4,F3,F1,F2,B1,C4,E4,C3,E1,D3,E2,F4,D5,A5,F5,A6,B3,C1,B2,A2,E5
2008-11-25,37,61,33,34,35,36,48,38,39,40,46,58,43,41,55,56,53,54,59,51,45,47,60,24,25,26,27,44,57,30,52,23,,,D1,C2,D4,B5,C6,A4,A3,A1,E3,D2,B4,F3,F1,F2,B1,C4,E4,C3,E1,D3,E2,F4,D5,A5,F5,A6,B3,C1,B2,A2,E5
2008-11-26,37,61,33,34,35,36,48,38,39,40,46,58,43,41,55,56,53,54,59,51,45,47,60,24,25,26,27,44,57,30,52,23,,,D1,C2,D4,B5,C6,A4,A3,A1,E3,D2,B4,F3,F1,F2,B1,C4,E4,C3,E1,D3,E2,F4,D5,A5,F5,A6,B3,C1,B2,A2,E5
2008-11-27,37,61,33,34,35,36,48,38,39,40,46,58,43,41,55,56,53,54,59,51,45,47,60,24,25,26,27,44,57,30,52,23,,,D1,C2,D4,B5,C6,A4,A3,A1,E3,D2,B4,F3,F1,F2,B1,C4,E4,C3,E1,D3,E2,F4,D5,A5,F5,A6,B3,C1,B2,A2,E5
2008-11-28,37,61,33,34,35,36,48,38,39,40,46,58,43,41,55,56,53,54,59,51,45,47,60,24,25,26,27,44,57,30,52,23,,,D1,C2,D4,B5,C6,A4,A3,A1,E3,D2,B4,F3,F1,F2,B1,C4,E4,C3,E1,D3,E2,F4,D5,A5,F5,A6,B3,C1,B2,A2,E5
2008-11-29,37,61,33,34,35,36,48,38,39,40,46,58,43,41,55,56,53,54,59,51,45,47,60,24,25,26,27,44,57,30,52,23,,,D1,C2,D4,B5,C6,A4,A3,A1,E3,D2,B4,F3,F1,F2,B1,C4,E4,C3,E1,D3,E2,F4,D5,A5,F5,A6,B3,C1,B2,A2,E5
2008-11-30,37,61,33,34,35,36,48,38,39,40,46,58,43,41,55,56,53,54,59,51,45,47,60,24,25,26,27,44,57,30,52,23,,,D1,C2,D4,B5,C6,A4,A3,A1,E3,D2,B4,F3,F1,F2,B1,C4,E4,C3,E1,D3,E2,F4,D5,A5,F5,A6,B3,C1,B2,A2,E5
2008-12-01,37,61,33,34,35,36,48,38,39,40,46,58,43,41,55,56,53,54,59,51,45,47,60,24,25,26,27,44,57,30,52,23,,,D1,C2,D4,B5,C6,A4,A3,A1,E3,D2,B4,F3,F1,F2,B1,C4,E4,C3,E1,D3,E2,F4,D5,A5,F5,A6,B3,C1,B2,A2,E5
2008-12-02,37,61,33,34,35,36,48,38,39,40,46,58,43,41,55,56,53,54,59,51,45,47,60,24,25,26,27,44,57,30,52,23,,,D1,C2,D4,B5,C6,A4,A3,A1,E3,D2,B4,F3,F1,F2,B1,C4,E4,C3,E1,D3,E2,F4,D5,A5,F5,A6,B3,C1,B2,A2,E5
2008-12-03,37,61,33,34,35,36,48,38,39,40,46,58,43,41,55,56,53,54,59,51,45,47,60,24,25,26,27,44,57,30,52,23,,,D1,C2,D4,B5,C6,A4,A3,A1,E3,D2,B4,F3,F1,F2,B1,C4,E4,C3,E1,D3,E2,F4,D5,A5,F5,A6,B3,C1,B2,A2,E5
2008-12-04,37,61,33,34,35,36,48,38,39,40,46,58,43,41,55,56,53,54,59,51,45,47,60,24,25,26,27,44,57,30,52,23,,,D1,C2,D4,B5,C6,A4,A3,A1,E3,D2,B4,F3,F1,F2,B1,C4,E4,C3,E1,D3,E2,F4,D5,A5,F5,A6,B3,C1,B2,A2,E5
2008-12-05,37,61,33,34,35,36,48,38,39,40,46,58,43,41,55,56,53,54,59,51,45,47,60,24,25,26,27,44,57,30,52,23,,,D1,C2,D4,B5,C6,A4,A3,A1,E3,D2,B4,F3,F1,F2,B1,C4,E4,C3,E1,D3,E2,F4,D5,A5,F5,A6,B3,C1,B2,A2,E5
2008-12-06,37,61,33,34,35,36,48,38,39,40,46,58,43,41,55,56,53,54,59,51,45,47,60,24,25,26,27,44,57,30,52,23,,,D1,C2,D4,B5,C6,A4,A3,A1,E3,D2,B4,F3,F1,F2,B1,C4,E4,C3,E1,D3,E2,F4,D5,A5,F5,A6,B3,C1,B2,A2,E5
2008-12-07,37,61,33,34,35,36,48,38,39,40,46,58,43,41,55,56,53,54,59,51,45,47,60,24,25,26,27,44,57,30,52,23,,,D1,C2,D4,B5,C6,A4,A3,A1,E3,D2,B4,F3,F1,F2,B1,C4,E4,C3,E1,D3,E2,F4,D5,A5,F5,A6,B3,C1,B2,A2,E5
2008-12-08,37,61,33,34,35,36,48,38,39,40,46,58,43,41,55,56,53,54,59,51,45,47,60,24,25,26,27,44,57,30,52,23,,,D1,C2,D4,B5,C6,A4,A3,A1,E3,D2,B4,F3,F1,F2,B1,C4,E4,C3,E1,D3,E2,F4,D5,A5,F5,A6,B3,C1,B2,A2,E5
2008-12-09,37,61,33,34,35,36,48,38,39,40,46,58,43,41,55,56,53,54,59,51,45,47,60,24,25,26,27,44,57,30,52,23,,,D1,C2,D4,B5,C6,A4,A3,A1,E3,D2,B4,F3,F1,F2,B1,C4,E4,C3,E1,D3,E2,F4,D5,A5,F5,A6,B3,C1,B2,A2,E5
2008-12-10,37,61,33,34,35,36,48,38,39,40,46,58,43,41,55,56,53,54,59,51,45,47,60,24,25,26,27,44,57,30,52,23,,,D1,C2,D4,B5,C6,A4,A3,A1,E3,D2,B4,F3,F1,F2,B1,C4,E4,C3,E1,D3,E2,F4,D5,A5,F5,A6,B3,C1,B2,A2,E5
2008-12-11,37,61,33,34,35,36,48,38,39,40,46,58,43,41,55,56,53,54,59,51,45,47,60,24,25,26,27,44,57,30,52,23,,,D1,C2,D4,B5,C6,A4,A3,A1,E3,D2,B4,F3,F1,F2,B1,C4,E4,C3,E1,D3,E2,F4,D5,A5,F5,A6,B3,C1,B2,A2,E5
2008-12-12,37,61,33,34,35,36,48,38,39,40,46,58,43,41,55,56,53,54,59,51,45,47,60,24,25,26,27,44,57,30,52,23,,,D1,C2,D4,B5,C6,A4,A3,A1,E3,D2,B4,F3,F1,F2,B1,C4,E4,C3,E1,D3,E2,F4,D5,A5,F5,A6,B3,C1,B2,A2,E5
2008-12-13,37,61,33,34,35,36,48,38,39,40,46,58,43,41,55,56,53,54,59,51,45,47,60,24,25,26,27,44,57,30,52,23,,,D1,C2,D4,B5,C6,A4,A3,A1,E3,D2,B4,F3,F1,F2,B1,C4,E4,C3,E1,D3,E2,F4,D5,A5,F5,A6,B3,C1,B2,A2,E5
2008-12-14,37,61,33,34,35,36,48,38,39,40,46,58,43,41,55,56,53,54,59,51,45,47,60,24,25,26,27,44,57,30,52,23,,,D1,C2,D4,B5,C6,A4,A3,A1,E3,D2,B4,F3,F1,F2,B1,C4,E4,C3,E1,D3,E2,F4,D5,A5,F5,A6,B3,C1,B2,A2,E5
2008-12-15,37,61,33,34,35,36,48,38,39,40,46,58,43,41,55,56,53,54,59,51,45,47,60,24,25,26,27,44,57,30,52,23,,,D1,C2,D4,B5,C6,A4,A3,A1,E3,D2,B4,F3,F1,F2,B1,C4,E4,C3,E1,D3,E2,F4,D5,A5,F5,A6,B3,C1,B2,A2,E5
2008-12-16,37,61,33,34,35,36,48,38,39,40,46,58,43,41,55,56,53,54,59,51,45,47,60,24,25,26,27,44,57,30,52,23,,,D1,C2,D4,B5,C6,A4,A3,A1,E3,D2,B4,F3,F1,F2,B1,C4,E4,C3,E1,D3,E2,F4,D5,A5,F5,A6,B3,C1,B2,A2,E5
2008-12-17,37,61,33,34,35,36,48,38,39,40,46,58,43,41,55,56,53,54,59,51,45,47,60,24,25,26,27,44,57,30,52,23,,,D1,C2,D4,B5,C6,A4,A3,A1,E3,D2,B4,F3,F1,F2,B1,C4,E4,C3,E1,D3,E2,F4,D5,A5,F5,A6,B3,C1,B2,A2,E5
2008-12-18,37,61,33,34,35,36,48,38,39,40,46,58,43,41,55,56,53,54,59,51,45,47,60,24,25,26,27,44,57,30,52,23,,,D1,C2,D4,B5,C6,A4,A3,A1,E3,D2,B4,F3,F1,F2,B1,C4,E4,C3,E1,D3,E2,F4,D5,A5,F5,A6,B3,C1,B2,A2,E5
2008-12-19,37,61,33,34,35,36,48,38,39,40,46,58,43,41,55,56,53,54,59,51,45,47,60,24,25,26,27,44,57,30,52,23,,,D1,C2,D4,B5,C6,A4,A3,A1,E3,D2,B4,F3,F1,F2,B1,C4,E4,C3,E1,D3,E2,F4,D5,A5,F5,A6,B3,C1,B2,A2,E5
2008-12-20,37,61,33,34,35,36,48,38,39,40,46,58,43,41,55,56,53,54,59,51,45,47,60,24,25,26,27,44,57,30,52,23,,,D1,C2,D4,B5,C6,A4,A3,A1,E3,D2,B4,F3,F1,F2,B1,C4,E4,C3,E1,D3,E2,F4,D5,A5,F5,A6,B3,C1,B2,A2,E5
2008-12-21,37,61,33,34,35,36,48,38,39,40,46,58,43,41,55,56,53,54,59,51,45,47,60,24,25,26,27,44,57,30,52,23,,,D1,C2,D4,B5,C6,A4,A3,A1,E3,D2,B4,F3,F1,F2,B1,C4,E4,C3,E1,D3,E2,F4,D5,A5,F5,A6,B3,C1,B2,A2,E5
2008-12-22,37,61,33,34,35,36,48,38,39,40,46,58,43,41,55,56,53,54,59,51,45,47,60,24,25,26,27,44,57,30,52,23,,,D1,C2,D4,B5,C6,A4,A3,A1,E3,D2,B4,F3,F1,F2,B1,C4,E4,C3,E1,D3,E2,F4,D5,A5,F5,A6,B3,C1,B2,A2,E5
2008-12-23,37,61,33,34,35,36,48,38,39,40,46,58,43,41,55,56,53,54,59,51,45,47,60,24,25,26,27,44,57,30,52,23,,,D1,C2,D4,B5,C6,A4,A3,A1,E3,D2,B4,F3,F1,F2,B1,C4,E4,C3,E1,D3,E2,F4,D5,A5,F5,A6,B3,C1,B2,A2,E5
2008-12-24,37,61,33,34,35,36,48,38,39,40,46,58,43,41,55,56,53,54,59,51,45,47,60,24,25,26,27,44,57,30,52,23,,,D1,C2,D4,B5,C6,A4,A3,A1,E3,D2,B4,F3,F1,F2,B1,C4,E4,C3,E1,D3,E2,F4,D5,A5,F5,A6,B3,C1,B2,A2,E5
2008-12-25,37,61,33,34,35,36,48,38,39,40,46,58,43,41,55,56,53,54,59,51,45,47,60,24,25,26,27,44,57,30,52,23,,,D1,C2,D4,B5,C6,A4,A3,A1,E3,D2,B4,F3,F1,F2,B1,C4,E4,C3,E1,D3,E2,F4,D5,A5,F5,A6,B3,C1,B2,A2,E5
2008-12-26,37,61,33,34,35,36,48,38,39,40,46,58,43,41,55,56,53,54,59,51,45,47,60,24,25,26,27,44,57,30,52,23,,,D1,C2,D4,B5,C6,A4,A3,A1,E3,D2,B4,F3,F1,F2,B1,C4,E4,C3,E1,D3,E2,F4,D5,A5,F5,A6,B3,C1,B2,A2,E5
2008-12-27,37,61,33,34,35,36,48,38,39,40,46,58,43,41,55,56,53,54,59,51,45,47,60,24,25,26,27,44,57,30,52,23,,,D1,C2,D4,B5,C6,A4,A3,A1,E3,D2,B4,F3,F1,F2,B1,C4,E4,C3,E1,D3,E2,F4,D5,A5,F5,A6,B3,C1,B2,A2,E5
2008-12-28,37,61,33,34,35,36,48,38,39,40,46,58,43,41,55,56,53,54,59,51,45,47,60,24,25,26,27,44,57,30,52,23,,,D1,C2,D4,B5,C6,A4,A3,A1,E3,D2,B4,F3,F1,F2,B1,C4,E4,C3,E1,D3,E2,F4,D5,A5,F5,A6,B3,C1,B2,A2,E5
2008-12-29,37,61,33,34,35,36,48,38,39,40,46,58,43,41,55,56,53,54,59,51,45,47,60,24,25,26,27,44,57,30,52,23,,,D1,C2,D4,B5,C6,A4,A3,A1,E3,D2,B4,F3,F1,F2,B1,C4,E4,C3,E1,D3,E2,F4,D5,A5,F5,A6,B3,C1,B2,A2,E5
2008-12-30,37,61,33,34,35,36,48,38,39,40,46,58,43,41,55,56,53,54,59,51,45,47,60,24,25,26,27,44,57,30,52,23,,,D1,C2,D4,B5,C6,A4,A3,A1,E3,D2,B4,F3,F1,F2,B1,C4,E4,C3,E1,D3,E2,F4,D5,A5,F5,A6,B3,C1,B2,A2,E5
2008-12-31,37,61,33,34,35,36,48,38,39,40,46,58,43,41,55,56,53,54,59,51,45,47,60,24,25,26,27,44,57,30,52,23,,,D1,C2,D4,B5,C6,A4,A3,A1,E3,D2,B4,F3,F1,F2,B1,C4,E4,C3,E1,D3,E2,F4,D5,A5,F5,A6,B3,C1,B2,A2,E5
2009-01-01,37,61,33,34,35,36,48,38,39,40,46,58,43,41,55,56,53,54,59,51,45,47,60,24,25,26,27,44,57,30,52,23,,,D1,C2,D4,B5,C6,A4,A3,A1,E3,D2,B4,F3,F1,F2,B1,C4,E4,C3,E1,D3,E2,F4,D5,A5,F5,A6,B3,C1,B2,A2,E5
2009-01-02,37,61,33,34,35,36,48,38,39,40,46,58,43,41,55,56,53,54,59,51,45,47,60,24,25,26,27,44,57,30,52,23,,,D1,C2,D4,B5,C6,A4,A3,A1,E3,D2,B4,F3,F1,F2,B1,C4,E4,C3,E1,D3,E2,F4,D5,A5,F5,A6,B3,C1,B2,A2,E5
2009-01-03,37,61,33,34,35,36,48,38,39,40,46,58,43,41,55,56,53,54,59,51,45,47,60,24,25,26,27,44,57,30,52,23,,,D1,C2,D4,B5,C6,A4,A3,A1,E3,D2,B4,F3,F1,F2,B1,C4,E4,C3,E1,D3,E2,F4,D5,A5,F5,A6,B3,C1,B2,A2,E5
2009-01-04,37,61,33,34,35,36,48,38,39,40,46,58,43,41,55,56,53,54,59,51,45,47,60,24,25,26,27,44,57,30,52,23,,,D1,C2,D4,B5,C6,A4,A3,A1,E3,D2,B4,F3,F1,F2,B1,C4,E4,C3,E1,D3,E2,F4,D5,A5,F5,A6,B3,C1,B2,A2,E5
2009-01-05,37,61,33,34,35,36,48,38,39,40,46,58,43,41,55,56,53,54,59,51,45,47,60,24,25,26,27,44,57,30,52,23,,,D1,C2,D4,B5,C6,A4,A3,A1,E3,D2,B4,F3,F1,F2,B1,C4,E4,C3,E1,D3,E2,F4,D5,A5,F5,A6,B3,C1,B2,A2,E5
2009-01-06,37,61,33,34,35,36,48,38,39,40,46,58,43,41,55,56,53,54,59,51,45,47,60,24,25,26,27,44,57,30,52,23,,,D1,C2,D4,B5,C6,A4,A3,A1,E3,D2,B4,F3,F1,F2,B1,C4,E4,C3,E1,D3,E2,F4,D5,A5,F5,A6,B3,C1,B2,A2,E5
2009-01-07,,61,33,34,35,36,48,38,39,40,46,58,43,41,55,56,53,54,59,51,45,47,60,24,25,26,27,44,57,30,52,23,,,D1,C2,D4,B5,C6,A4,A3,A1,E3,D2,B4,F3,F1,F2,B1,C4,E4,C3,E1,D3,E2,F4,D5,A5,F5,A6,B3,C1,B2,A2,E5
2009-01-08,,61,33,34,35,36,48,38,39,40,46,58,43,41,55,56,53,54,59,51,45,47,60,24,25,26,27,44,57,30,52,23,,,D1,C2,D4,B5,C6,A4,A3,A1,E3,D2,B4,F3,F1,F2,B1,C4,E4,C3,E1,D3,E2,F4,D5,A5,F5,A6,B3,C1,B2,A2,E5
2009-01-09,,61,33,34,35,36,48,38,39,40,46,58,43,41,55,56,53,54,59,51,45,47,60,24,25,26,27,44,57,30,52,23,,,D1,C2,D4,B5,C6,A4,A3,A1,E3,D2,B4,F3,F1,F2,B1,C4,E4,C3,E1,D3,E2,F4,D5,A5,F5,A6,B3,C1,B2,A2,E5
2009-01-10,,61,33,34,35,36,48,38,39,40,46,58,43,41,55,56,53,54,59,51,45,47,60,24,25,26,27,44,57,30,52,23,,,D1,C2,D4,B5,C6,A4,A3,A1,E3,D2,B4,F3,F1,F2,B1,C4,E4,C3,E1,D3,E2,F4,D5,A5,F5,A6,B3,C1,B2,A2,E5
2009-01-11,,61,33,34,35,36,48,38,39,40,46,58,43,41,55,56,53,54,59,51,45,47,60,24,25,26,27,44,57,30,52,23,,,D1,C2,D4,B5,C6,A4,A3,A1,E3,D2,B4,F3,F1,F2,B1,C4,E4,C3,E1,D3,E2,F4,D5,A5,F5,A6,B3,C1,B2,A2,E5
2009-01-12,,61,33,34,35,36,48,38,39,40,46,58,43,41,55,56,53,54,59,51,45,47,60,24,25,26,27,44,57,30,52,23,,,D1,C2,D4,B5,C6,A4,A3,A1,E3,D2,B4,F3,F1,F2,B1,C4,E4,C3,E1,D3,E2,F4,D5,A5,F5,A6,B3,C1,B2,A2,E5
2009-01-13,,61,33,34,35,36,48,38,39,40,46,58,43,41,55,56,53,54,59,51,45,47,60,24,25,26,27,44,57,30,52,23,,,D1,C2,D4,B5,C6,A4,A3,A1,E3,D2,B4,F3,F1,F2,B1,C4,E4,C3,E1,D3,E2,F4,D5,A5,F5,A6,B3,C1,B2,A2,E5
2009-01-14,,61,33,34,35,36,48,38,39,40,46,58,43,41,55,56,53,54,59,51,45,47,60,24,25,26,27,44,57,30,52,23,,,D1,C2,D4,B5,C6,A4,A3,A1,E3,D2,B4,F3,F1,F2,B1,C4,E4,C3,E1,D3,E2,F4,D5,A5,F5,A6,B3,C1,B2,A2,E5
2009-01-15,,61,33,34,35,36,48,38,39,40,46,58,43,41,55,56,53,54,59,51,45,47,60,24,25,26,27,44,57,30,52,23,,,D1,C2,D4,B5,C6,A4,A3,A1,E3,D2,B4,F3,F1,F2,B1,C4,E4,C3,E1,D3,E2,F4,D5,A5,F5,A6,B3,C1,B2,A2,E5
2009-01-16,,61,33,34,35,36,48,38,39,40,46,58,43,41,55,56,53,54,59,51,45,47,60,24,25,26,27,44,57,30,52,23,,,D1,C2,D4,B5,C6,A4,A3,A1,E3,D2,B4,F3,F1,F2,B1,C4,E4,C3,E1,D3,E2,F4,D5,A5,F5,A6,B3,C1,B2,A2,E5
